idx,State,LGA,Postcode
3840,Victoria,Alpine,3678
3841,Victoria,Alpine,3691
3842,Victoria,Alpine,3695
3843,Victoria,Alpine,3697
3844,Victoria,Alpine,3698
3845,Victoria,Alpine,3699
3846,Victoria,Alpine,3701
3847,Victoria,Alpine,3735
3848,Victoria,Alpine,3737
3849,Victoria,Alpine,3739
3850,Victoria,Alpine,3740
3851,Victoria,Alpine,3741
3852,Victoria,Alpine,3744
3853,Victoria,Alpine,3747
3854,Victoria,Alpine,3749
3855,Victoria,Alpine,3858
3856,Victoria,Alpine,3862
3857,Victoria,Alpine,3898
3858,Victoria,Alpine,3900
3859,Victoria,Ararat,3272
3860,Victoria,Ararat,3274
3861,Victoria,Ararat,3293
3862,Victoria,Ararat,3294
3863,Victoria,Ararat,3325
3864,Victoria,Ararat,3351
3865,Victoria,Ararat,3361
3866,Victoria,Ararat,3373
3867,Victoria,Ararat,3374
3868,Victoria,Ararat,3375
3869,Victoria,Ararat,3377
3870,Victoria,Ararat,3378
3871,Victoria,Ararat,3379
3872,Victoria,Ararat,3381
3873,Victoria,Ararat,3384
3874,Victoria,Ararat,3469
3875,Victoria,Ballarat,3334
3876,Victoria,Ballarat,3350
3877,Victoria,Ballarat,3351
3878,Victoria,Ballarat,3352
3879,Victoria,Ballarat,3355
3880,Victoria,Ballarat,3356
3881,Victoria,Ballarat,3357
3882,Victoria,Ballarat,3363
3883,Victoria,Ballarat,3364
3884,Victoria,Ballarat,3370
3885,Victoria,Banyule,3071
3886,Victoria,Banyule,3072
3887,Victoria,Banyule,3073
3888,Victoria,Banyule,3078
3889,Victoria,Banyule,3079
3890,Victoria,Banyule,3081
3891,Victoria,Banyule,3083
3892,Victoria,Banyule,3084
3893,Victoria,Banyule,3085
3894,Victoria,Banyule,3086
3895,Victoria,Banyule,3087
3896,Victoria,Banyule,3088
3897,Victoria,Banyule,3089
3898,Victoria,Banyule,3093
3899,Victoria,Banyule,3094
3900,Victoria,Banyule,3095
3901,Victoria,Banyule,3102
3902,Victoria,Banyule,3104
3903,Victoria,Banyule,3105
3904,Victoria,Banyule,3106
3905,Victoria,Banyule,3107
3906,Victoria,Bass Coast,3922
3907,Victoria,Bass Coast,3923
3908,Victoria,Bass Coast,3925
3909,Victoria,Bass Coast,3945
3910,Victoria,Bass Coast,3951
3911,Victoria,Bass Coast,3956
3912,Victoria,Bass Coast,3979
3913,Victoria,Bass Coast,3984
3914,Victoria,Bass Coast,3987
3915,Victoria,Bass Coast,3991
3916,Victoria,Bass Coast,3992
3917,Victoria,Bass Coast,3995
3918,Victoria,Bass Coast,3996
3919,Victoria,Baw Baw,3723
3920,Victoria,Baw Baw,3783
3921,Victoria,Baw Baw,3797
3922,Victoria,Baw Baw,3799
3923,Victoria,Baw Baw,3815
3924,Victoria,Baw Baw,3816
3925,Victoria,Baw Baw,3818
3926,Victoria,Baw Baw,3820
3927,Victoria,Baw Baw,3821
3928,Victoria,Baw Baw,3822
3929,Victoria,Baw Baw,3823
3930,Victoria,Baw Baw,3824
3931,Victoria,Baw Baw,3825
3932,Victoria,Baw Baw,3831
3933,Victoria,Baw Baw,3832
3934,Victoria,Baw Baw,3833
3935,Victoria,Baw Baw,3835
3936,Victoria,Baw Baw,3840
3937,Victoria,Baw Baw,3844
3938,Victoria,Baw Baw,3854
3939,Victoria,Baw Baw,3856
3940,Victoria,Baw Baw,3858
3941,Victoria,Baw Baw,3871
3942,Victoria,Baw Baw,3950
3943,Victoria,Baw Baw,3953
3944,Victoria,Baw Baw,3981
3945,Victoria,Baw Baw,3988
3946,Victoria,Bayside,3162
3947,Victoria,Bayside,3184
3948,Victoria,Bayside,3185
3949,Victoria,Bayside,3186
3950,Victoria,Bayside,3187
3951,Victoria,Bayside,3188
3952,Victoria,Bayside,3189
3953,Victoria,Bayside,3190
3954,Victoria,Bayside,3191
3955,Victoria,Bayside,3192
3956,Victoria,Bayside,3193
3957,Victoria,Bayside,3194
3958,Victoria,Bayside,3204
3959,Victoria,Benalla,3646
3960,Victoria,Benalla,3666
3961,Victoria,Benalla,3669
3962,Victoria,Benalla,3670
3963,Victoria,Benalla,3672
3964,Victoria,Benalla,3673
3965,Victoria,Benalla,3675
3966,Victoria,Benalla,3678
3967,Victoria,Benalla,3720
3968,Victoria,Benalla,3723
3969,Victoria,Benalla,3725
3970,Victoria,Benalla,3726
3971,Victoria,Benalla,3727
3972,Victoria,Benalla,3728
3973,Victoria,Benalla,3733
3974,Victoria,Boroondara,3067
3975,Victoria,Boroondara,3078
3976,Victoria,Boroondara,3079
3977,Victoria,Boroondara,3101
3978,Victoria,Boroondara,3102
3979,Victoria,Boroondara,3103
3980,Victoria,Boroondara,3104
3981,Victoria,Boroondara,3105
3982,Victoria,Boroondara,3108
3983,Victoria,Boroondara,3121
3984,Victoria,Boroondara,3122
3985,Victoria,Boroondara,3123
3986,Victoria,Boroondara,3124
3987,Victoria,Boroondara,3125
3988,Victoria,Boroondara,3126
3989,Victoria,Boroondara,3127
3990,Victoria,Boroondara,3129
3991,Victoria,Boroondara,3142
3992,Victoria,Boroondara,3144
3993,Victoria,Boroondara,3145
3994,Victoria,Boroondara,3146
3995,Victoria,Boroondara,3147
3996,Victoria,Brimbank,3012
3997,Victoria,Brimbank,3019
3998,Victoria,Brimbank,3020
3999,Victoria,Brimbank,3021
4000,Victoria,Brimbank,3022
4001,Victoria,Brimbank,3023
4002,Victoria,Brimbank,3024
4003,Victoria,Brimbank,3026
4004,Victoria,Brimbank,3029
4005,Victoria,Brimbank,3030
4006,Victoria,Brimbank,3033
4007,Victoria,Brimbank,3034
4008,Victoria,Brimbank,3036
4009,Victoria,Brimbank,3037
4010,Victoria,Brimbank,3038
4011,Victoria,Brimbank,3042
4012,Victoria,Brimbank,3043
4013,Victoria,Brimbank,3045
4014,Victoria,Brimbank,3335
4015,Victoria,Brimbank,3427
4016,Victoria,Brimbank,3428
4017,Victoria,Buloke,3387
4018,Victoria,Buloke,3391
4019,Victoria,Buloke,3392
4020,Victoria,Buloke,3393
4021,Victoria,Buloke,3395
4022,Victoria,Buloke,3478
4023,Victoria,Buloke,3480
4024,Victoria,Buloke,3482
4025,Victoria,Buloke,3483
4026,Victoria,Buloke,3491
4027,Victoria,Buloke,3507
4028,Victoria,Buloke,3518
4029,Victoria,Buloke,3520
4030,Victoria,Buloke,3525
4031,Victoria,Buloke,3527
4032,Victoria,Buloke,3530
4033,Victoria,Buloke,3531
4034,Victoria,Buloke,3533
4035,Victoria,Buloke,3537
4036,Victoria,Buloke,3540
4037,Victoria,Buloke,3542
4038,Victoria,Buloke,3544
4039,Victoria,Buloke,3546
4040,Victoria,Campaspe,2731
4041,Victoria,Campaspe,3523
4042,Victoria,Campaspe,3551
4043,Victoria,Campaspe,3557
4044,Victoria,Campaspe,3558
4045,Victoria,Campaspe,3559
4046,Victoria,Campaspe,3561
4047,Victoria,Campaspe,3562
4048,Victoria,Campaspe,3563
4049,Victoria,Campaspe,3564
4050,Victoria,Campaspe,3566
4051,Victoria,Campaspe,3567
4052,Victoria,Campaspe,3571
4053,Victoria,Campaspe,3572
4054,Victoria,Campaspe,3573
4055,Victoria,Campaspe,3575
4056,Victoria,Campaspe,3608
4057,Victoria,Campaspe,3610
4058,Victoria,Campaspe,3612
4059,Victoria,Campaspe,3616
4060,Victoria,Campaspe,3617
4061,Victoria,Campaspe,3618
4062,Victoria,Campaspe,3620
4063,Victoria,Campaspe,3621
4064,Victoria,Campaspe,3622
4065,Victoria,Campaspe,3623
4066,Victoria,Campaspe,3624
4067,Victoria,Campaspe,3629
4068,Victoria,Campaspe,3638
4069,Victoria,Cardinia,3139
4070,Victoria,Cardinia,3159
4071,Victoria,Cardinia,3160
4072,Victoria,Cardinia,3781
4073,Victoria,Cardinia,3782
4074,Victoria,Cardinia,3783
4075,Victoria,Cardinia,3791
4076,Victoria,Cardinia,3797
4077,Victoria,Cardinia,3804
4078,Victoria,Cardinia,3806
4079,Victoria,Cardinia,3807
4080,Victoria,Cardinia,3808
4081,Victoria,Cardinia,3809
4082,Victoria,Cardinia,3810
4083,Victoria,Cardinia,3812
4084,Victoria,Cardinia,3813
4085,Victoria,Cardinia,3814
4086,Victoria,Cardinia,3815
4087,Victoria,Cardinia,3816
4088,Victoria,Cardinia,3818
4089,Victoria,Cardinia,3833
4090,Victoria,Cardinia,3977
4091,Victoria,Cardinia,3978
4092,Victoria,Cardinia,3980
4093,Victoria,Cardinia,3981
4094,Victoria,Cardinia,3984
4095,Victoria,Cardinia,3987
4096,Victoria,Cardinia,3988
4097,Victoria,Casey,3156
4098,Victoria,Casey,3175
4099,Victoria,Casey,3177
4100,Victoria,Casey,3178
4101,Victoria,Casey,3802
4102,Victoria,Casey,3803
4103,Victoria,Casey,3804
4104,Victoria,Casey,3805
4105,Victoria,Casey,3806
4106,Victoria,Casey,3807
4107,Victoria,Casey,3808
4108,Victoria,Casey,3809
4109,Victoria,Casey,3910
4110,Victoria,Casey,3911
4111,Victoria,Casey,3912
4112,Victoria,Casey,3975
4113,Victoria,Casey,3976
4114,Victoria,Casey,3977
4115,Victoria,Casey,3978
4116,Victoria,Casey,3980
4117,Victoria,Casey,3981
4118,Victoria,Central Goldfields,3352
4119,Victoria,Central Goldfields,3364
4120,Victoria,Central Goldfields,3370
4121,Victoria,Central Goldfields,3371
4122,Victoria,Central Goldfields,3462
4123,Victoria,Central Goldfields,3463
4124,Victoria,Central Goldfields,3464
4125,Victoria,Central Goldfields,3465
4126,Victoria,Central Goldfields,3467
4127,Victoria,Central Goldfields,3472
4128,Victoria,Central Goldfields,3475
4129,Victoria,Central Goldfields,3477
4130,Victoria,Central Goldfields,3478
4131,Victoria,Central Goldfields,3518
4132,Victoria,Colac-Otway,3221
4133,Victoria,Colac-Otway,3231
4134,Victoria,Colac-Otway,3233
4135,Victoria,Colac-Otway,3235
4136,Victoria,Colac-Otway,3236
4137,Victoria,Colac-Otway,3237
4138,Victoria,Colac-Otway,3238
4139,Victoria,Colac-Otway,3239
4140,Victoria,Colac-Otway,3241
4141,Victoria,Colac-Otway,3242
4142,Victoria,Colac-Otway,3243
4143,Victoria,Colac-Otway,3249
4144,Victoria,Colac-Otway,3250
4145,Victoria,Colac-Otway,3251
4146,Victoria,Colac-Otway,3254
4147,Victoria,Colac-Otway,3260
4148,Victoria,Colac-Otway,3266
4149,Victoria,Colac-Otway,3269
4150,Victoria,Colac-Otway,3321
4151,Victoria,Colac-Otway,3324
4152,Victoria,Colac-Otway,3330
4153,Victoria,Corangamite,3237
4154,Victoria,Corangamite,3249
4155,Victoria,Corangamite,3251
4156,Victoria,Corangamite,3260
4157,Victoria,Corangamite,3264
4158,Victoria,Corangamite,3265
4159,Victoria,Corangamite,3266
4160,Victoria,Corangamite,3267
4161,Victoria,Corangamite,3268
4162,Victoria,Corangamite,3269
4163,Victoria,Corangamite,3270
4164,Victoria,Corangamite,3272
4165,Victoria,Corangamite,3324
4166,Victoria,Corangamite,3325
4167,Victoria,Corangamite,3330
4168,Victoria,Corangamite,3351
4169,Victoria,Corangamite,3360
4170,Victoria,Corangamite,3361
4171,Victoria,Darebin,3057
4172,Victoria,Darebin,3058
4173,Victoria,Darebin,3060
4174,Victoria,Darebin,3068
4175,Victoria,Darebin,3070
4176,Victoria,Darebin,3071
4177,Victoria,Darebin,3072
4178,Victoria,Darebin,3073
4179,Victoria,Darebin,3074
4180,Victoria,Darebin,3078
4181,Victoria,Darebin,3079
4182,Victoria,Darebin,3081
4183,Victoria,Darebin,3083
4184,Victoria,Darebin,3085
4185,Victoria,Darebin,3086
4186,Victoria,Darebin,3087
4187,Victoria,East Gippsland,2551
4188,Victoria,East Gippsland,2627
4189,Victoria,East Gippsland,2632
4190,Victoria,East Gippsland,2633
4191,Victoria,East Gippsland,2649
4192,Victoria,East Gippsland,3697
4193,Victoria,East Gippsland,3701
4194,Victoria,East Gippsland,3707
4195,Victoria,East Gippsland,3741
4196,Victoria,East Gippsland,3851
4197,Victoria,East Gippsland,3858
4198,Victoria,East Gippsland,3862
4199,Victoria,East Gippsland,3864
4200,Victoria,East Gippsland,3865
4201,Victoria,East Gippsland,3875
4202,Victoria,East Gippsland,3878
4203,Victoria,East Gippsland,3880
4204,Victoria,East Gippsland,3882
4205,Victoria,East Gippsland,3885
4206,Victoria,East Gippsland,3886
4207,Victoria,East Gippsland,3887
4208,Victoria,East Gippsland,3888
4209,Victoria,East Gippsland,3889
4210,Victoria,East Gippsland,3890
4211,Victoria,East Gippsland,3891
4212,Victoria,East Gippsland,3892
4213,Victoria,East Gippsland,3895
4214,Victoria,East Gippsland,3896
4215,Victoria,East Gippsland,3898
4216,Victoria,East Gippsland,3900
4217,Victoria,East Gippsland,3902
4218,Victoria,East Gippsland,3903
4219,Victoria,East Gippsland,3904
4220,Victoria,East Gippsland,3909
4221,Victoria,Frankston,3175
4222,Victoria,Frankston,3197
4223,Victoria,Frankston,3198
4224,Victoria,Frankston,3199
4225,Victoria,Frankston,3200
4226,Victoria,Frankston,3201
4227,Victoria,Frankston,3910
4228,Victoria,Frankston,3911
4229,Victoria,Frankston,3912
4230,Victoria,Frankston,3930
4231,Victoria,Frankston,3977
4232,Victoria,Gannawarra,2731
4233,Victoria,Gannawarra,2732
4234,Victoria,Gannawarra,2735
4235,Victoria,Gannawarra,3527
4236,Victoria,Gannawarra,3530
4237,Victoria,Gannawarra,3537
4238,Victoria,Gannawarra,3540
4239,Victoria,Gannawarra,3542
4240,Victoria,Gannawarra,3544
4241,Victoria,Gannawarra,3566
4242,Victoria,Gannawarra,3567
4243,Victoria,Gannawarra,3568
4244,Victoria,Gannawarra,3575
4245,Victoria,Gannawarra,3579
4246,Victoria,Gannawarra,3580
4247,Victoria,Gannawarra,3581
4248,Victoria,Gannawarra,3584
4249,Victoria,Gannawarra,3585
4250,Victoria,Gannawarra,3586
4251,Victoria,Glen Eira,3143
4252,Victoria,Glen Eira,3144
4253,Victoria,Glen Eira,3145
4254,Victoria,Glen Eira,3161
4255,Victoria,Glen Eira,3162
4256,Victoria,Glen Eira,3163
4257,Victoria,Glen Eira,3165
4258,Victoria,Glen Eira,3166
4259,Victoria,Glen Eira,3167
4260,Victoria,Glen Eira,3183
4261,Victoria,Glen Eira,3184
4262,Victoria,Glen Eira,3185
4263,Victoria,Glen Eira,3186
4264,Victoria,Glen Eira,3187
4265,Victoria,Glen Eira,3189
4266,Victoria,Glen Eira,3204
4267,Victoria,Glenelg,3285
4268,Victoria,Glenelg,3286
4269,Victoria,Glenelg,3292
4270,Victoria,Glenelg,3301
4271,Victoria,Glenelg,3302
4272,Victoria,Glenelg,3303
4273,Victoria,Glenelg,3304
4274,Victoria,Glenelg,3305
4275,Victoria,Glenelg,3309
4276,Victoria,Glenelg,3310
4277,Victoria,Glenelg,3311
4278,Victoria,Glenelg,3312
4279,Victoria,Glenelg,3315
4280,Victoria,Glenelg,3317
4281,Victoria,Glenelg,5277
4282,Victoria,Glenelg,5278
4283,Victoria,Glenelg,5291
4284,Victoria,Golden Plains,3221
4285,Victoria,Golden Plains,3242
4286,Victoria,Golden Plains,3251
4287,Victoria,Golden Plains,3321
4288,Victoria,Golden Plains,3324
4289,Victoria,Golden Plains,3328
4290,Victoria,Golden Plains,3329
4291,Victoria,Golden Plains,3330
4292,Victoria,Golden Plains,3331
4293,Victoria,Golden Plains,3332
4294,Victoria,Golden Plains,3333
4295,Victoria,Golden Plains,3334
4296,Victoria,Golden Plains,3340
4297,Victoria,Golden Plains,3342
4298,Victoria,Golden Plains,3351
4299,Victoria,Golden Plains,3352
4300,Victoria,Golden Plains,3356
4301,Victoria,Golden Plains,3360
4302,Victoria,Golden Plains,3361
4303,Victoria,Greater Bendigo,3444
4304,Victoria,Greater Bendigo,3448
4305,Victoria,Greater Bendigo,3453
4306,Victoria,Greater Bendigo,3463
4307,Victoria,Greater Bendigo,3515
4308,Victoria,Greater Bendigo,3516
4309,Victoria,Greater Bendigo,3522
4310,Victoria,Greater Bendigo,3523
4311,Victoria,Greater Bendigo,3550
4312,Victoria,Greater Bendigo,3551
4313,Victoria,Greater Bendigo,3555
4314,Victoria,Greater Bendigo,3556
4315,Victoria,Greater Bendigo,3557
4316,Victoria,Greater Bendigo,3558
4317,Victoria,Greater Bendigo,3559
4318,Victoria,Greater Bendigo,3561
4319,Victoria,Greater Bendigo,3570
4320,Victoria,Greater Bendigo,3572
4321,Victoria,Greater Bendigo,3608
4322,Victoria,Greater Bendigo,3662
4323,Victoria,Greater Dandenong,3168
4324,Victoria,Greater Dandenong,3169
4325,Victoria,Greater Dandenong,3170
4326,Victoria,Greater Dandenong,3171
4327,Victoria,Greater Dandenong,3172
4328,Victoria,Greater Dandenong,3173
4329,Victoria,Greater Dandenong,3174
4330,Victoria,Greater Dandenong,3175
4331,Victoria,Greater Dandenong,3177
4332,Victoria,Greater Dandenong,3178
4333,Victoria,Greater Dandenong,3195
4334,Victoria,Greater Dandenong,3196
4335,Victoria,Greater Dandenong,3197
4336,Victoria,Greater Dandenong,3201
4337,Victoria,Greater Dandenong,3802
4338,Victoria,Greater Dandenong,3803
4339,Victoria,Greater Dandenong,3975
4340,Victoria,Greater Dandenong,3976
4341,Victoria,Greater Dandenong,3977
4342,Victoria,Greater Geelong,3024
4343,Victoria,Greater Geelong,3030
4344,Victoria,Greater Geelong,3211
4345,Victoria,Greater Geelong,3212
4346,Victoria,Greater Geelong,3214
4347,Victoria,Greater Geelong,3215
4348,Victoria,Greater Geelong,3216
4349,Victoria,Greater Geelong,3217
4350,Victoria,Greater Geelong,3218
4351,Victoria,Greater Geelong,3219
4352,Victoria,Greater Geelong,3220
4353,Victoria,Greater Geelong,3221
4354,Victoria,Greater Geelong,3222
4355,Victoria,Greater Geelong,3223
4356,Victoria,Greater Geelong,3224
4357,Victoria,Greater Geelong,3225
4358,Victoria,Greater Geelong,3226
4359,Victoria,Greater Geelong,3227
4360,Victoria,Greater Geelong,3228
4361,Victoria,Greater Geelong,3240
4362,Victoria,Greater Geelong,3331
4363,Victoria,Greater Geelong,3340
4364,Victoria,Greater Geelong,3342
4365,Victoria,Greater Shepparton,3608
4366,Victoria,Greater Shepparton,3610
4367,Victoria,Greater Shepparton,3612
4368,Victoria,Greater Shepparton,3614
4369,Victoria,Greater Shepparton,3616
4370,Victoria,Greater Shepparton,3617
4371,Victoria,Greater Shepparton,3618
4372,Victoria,Greater Shepparton,3620
4373,Victoria,Greater Shepparton,3623
4374,Victoria,Greater Shepparton,3624
4375,Victoria,Greater Shepparton,3629
4376,Victoria,Greater Shepparton,3630
4377,Victoria,Greater Shepparton,3631
4378,Victoria,Greater Shepparton,3633
4379,Victoria,Greater Shepparton,3634
4380,Victoria,Greater Shepparton,3635
4381,Victoria,Greater Shepparton,3636
4382,Victoria,Greater Shepparton,3638
4383,Victoria,Greater Shepparton,3646
4384,Victoria,Greater Shepparton,3666
4385,Victoria,Greater Shepparton,3669
4386,Victoria,Greater Shepparton,3726
4387,Victoria,Hepburn,3341
4388,Victoria,Hepburn,3345
4389,Victoria,Hepburn,3350
4390,Victoria,Hepburn,3352
4391,Victoria,Hepburn,3363
4392,Victoria,Hepburn,3364
4393,Victoria,Hepburn,3370
4394,Victoria,Hepburn,3371
4395,Victoria,Hepburn,3442
4396,Victoria,Hepburn,3444
4397,Victoria,Hepburn,3446
4398,Victoria,Hepburn,3447
4399,Victoria,Hepburn,3451
4400,Victoria,Hepburn,3458
4401,Victoria,Hepburn,3460
4402,Victoria,Hepburn,3461
4403,Victoria,Hepburn,3462
4404,Victoria,Hindmarsh,3391
4405,Victoria,Hindmarsh,3393
4406,Victoria,Hindmarsh,3395
4407,Victoria,Hindmarsh,3401
4408,Victoria,Hindmarsh,3409
4409,Victoria,Hindmarsh,3414
4410,Victoria,Hindmarsh,3418
4411,Victoria,Hindmarsh,3419
4412,Victoria,Hindmarsh,3420
4413,Victoria,Hindmarsh,3423
4414,Victoria,Hindmarsh,3424
4415,Victoria,Hindmarsh,3490
4416,Victoria,Hobsons Bay,3012
4417,Victoria,Hobsons Bay,3013
4418,Victoria,Hobsons Bay,3015
4419,Victoria,Hobsons Bay,3016
4420,Victoria,Hobsons Bay,3018
4421,Victoria,Hobsons Bay,3025
4422,Victoria,Hobsons Bay,3026
4423,Victoria,Hobsons Bay,3027
4424,Victoria,Hobsons Bay,3028
4425,Victoria,Hobsons Bay,3030
4426,Victoria,Hobsons Bay,3207
4427,Victoria,Horsham,3314
4428,Victoria,Horsham,3317
4429,Victoria,Horsham,3381
4430,Victoria,Horsham,3385
4431,Victoria,Horsham,3390
4432,Victoria,Horsham,3392
4433,Victoria,Horsham,3400
4434,Victoria,Horsham,3401
4435,Victoria,Horsham,3407
4436,Victoria,Horsham,3409
4437,Victoria,Horsham,3414
4438,Victoria,Horsham,3418
4439,Victoria,Hume,3036
4440,Victoria,Hume,3037
4441,Victoria,Hume,3042
4442,Victoria,Hume,3043
4443,Victoria,Hume,3045
4444,Victoria,Hume,3046
4445,Victoria,Hume,3047
4446,Victoria,Hume,3048
4447,Victoria,Hume,3049
4448,Victoria,Hume,3059
4449,Victoria,Hume,3060
4450,Victoria,Hume,3061
4451,Victoria,Hume,3062
4452,Victoria,Hume,3063
4453,Victoria,Hume,3064
4454,Victoria,Hume,3074
4455,Victoria,Hume,3075
4456,Victoria,Hume,3427
4457,Victoria,Hume,3428
4458,Victoria,Hume,3429
4459,Victoria,Hume,3430
4460,Victoria,Hume,3431
4461,Victoria,Hume,3437
4462,Victoria,Hume,3750
4463,Victoria,Hume,3751
4464,Victoria,Hume,3756
4465,Victoria,Indigo,2640
4466,Victoria,Indigo,2643
4467,Victoria,Indigo,2646
4468,Victoria,Indigo,3678
4469,Victoria,Indigo,3682
4470,Victoria,Indigo,3683
4471,Victoria,Indigo,3685
4472,Victoria,Indigo,3687
4473,Victoria,Indigo,3688
4474,Victoria,Indigo,3691
4475,Victoria,Indigo,3695
4476,Victoria,Indigo,3701
4477,Victoria,Indigo,3730
4478,Victoria,Indigo,3737
4479,Victoria,Indigo,3747
4480,Victoria,Indigo,3749
4481,Victoria,Kingston,3165
4482,Victoria,Kingston,3167
4483,Victoria,Kingston,3168
4484,Victoria,Kingston,3169
4485,Victoria,Kingston,3171
4486,Victoria,Kingston,3172
4487,Victoria,Kingston,3173
4488,Victoria,Kingston,3175
4489,Victoria,Kingston,3188
4490,Victoria,Kingston,3189
4491,Victoria,Kingston,3190
4492,Victoria,Kingston,3192
4493,Victoria,Kingston,3193
4494,Victoria,Kingston,3194
4495,Victoria,Kingston,3195
4496,Victoria,Kingston,3196
4497,Victoria,Kingston,3197
4498,Victoria,Kingston,3198
4499,Victoria,Kingston,3201
4500,Victoria,Kingston,3202
4501,Victoria,Kingston,3204
4502,Victoria,Knox,3133
4503,Victoria,Knox,3134
4504,Victoria,Knox,3135
4505,Victoria,Knox,3137
4506,Victoria,Knox,3150
4507,Victoria,Knox,3152
4508,Victoria,Knox,3153
4509,Victoria,Knox,3154
4510,Victoria,Knox,3155
4511,Victoria,Knox,3156
4512,Victoria,Knox,3158
4513,Victoria,Knox,3170
4514,Victoria,Knox,3175
4515,Victoria,Knox,3178
4516,Victoria,Knox,3179
4517,Victoria,Knox,3180
4518,Victoria,Knox,3785
4519,Victoria,Knox,3786
4520,Victoria,Knox,3787
4521,Victoria,Knox,3788
4522,Victoria,Knox,3802
4523,Victoria,Knox,3804
4524,Victoria,Latrobe,3824
4525,Victoria,Latrobe,3825
4526,Victoria,Latrobe,3835
4527,Victoria,Latrobe,3840
4528,Victoria,Latrobe,3842
4529,Victoria,Latrobe,3844
4530,Victoria,Latrobe,3847
4531,Victoria,Latrobe,3854
4532,Victoria,Latrobe,3856
4533,Victoria,Latrobe,3857
4534,Victoria,Latrobe,3858
4535,Victoria,Latrobe,3869
4536,Victoria,Latrobe,3870
4537,Victoria,Latrobe,3871
4538,Victoria,Latrobe,3873
4539,Victoria,Latrobe,3960
4540,Victoria,Latrobe,3966
4541,Victoria,Latrobe,3971
4542,Victoria,Loddon,3463
4543,Victoria,Loddon,3472
4544,Victoria,Loddon,3475
4545,Victoria,Loddon,3477
4546,Victoria,Loddon,3478
4547,Victoria,Loddon,3515
4548,Victoria,Loddon,3516
4549,Victoria,Loddon,3517
4550,Victoria,Loddon,3518
4551,Victoria,Loddon,3520
4552,Victoria,Loddon,3525
4553,Victoria,Loddon,3527
4554,Victoria,Loddon,3537
4555,Victoria,Loddon,3540
4556,Victoria,Loddon,3551
4557,Victoria,Loddon,3556
4558,Victoria,Loddon,3558
4559,Victoria,Loddon,3566
4560,Victoria,Loddon,3567
4561,Victoria,Loddon,3568
4562,Victoria,Loddon,3570
4563,Victoria,Loddon,3571
4564,Victoria,Loddon,3572
4565,Victoria,Loddon,3573
4566,Victoria,Loddon,3575
4567,Victoria,Loddon,3579
4568,Victoria,Macedon Ranges,3064
4569,Victoria,Macedon Ranges,3337
4570,Victoria,Macedon Ranges,3340
4571,Victoria,Macedon Ranges,3341
4572,Victoria,Macedon Ranges,3427
4573,Victoria,Macedon Ranges,3429
4574,Victoria,Macedon Ranges,3430
4575,Victoria,Macedon Ranges,3431
4576,Victoria,Macedon Ranges,3433
4577,Victoria,Macedon Ranges,3434
4578,Victoria,Macedon Ranges,3435
4579,Victoria,Macedon Ranges,3437
4580,Victoria,Macedon Ranges,3438
4581,Victoria,Macedon Ranges,3440
4582,Victoria,Macedon Ranges,3441
4583,Victoria,Macedon Ranges,3442
4584,Victoria,Macedon Ranges,3444
4585,Victoria,Macedon Ranges,3446
4586,Victoria,Macedon Ranges,3447
4587,Victoria,Macedon Ranges,3458
4588,Victoria,Macedon Ranges,3461
4589,Victoria,Macedon Ranges,3521
4590,Victoria,Macedon Ranges,3522
4591,Victoria,Macedon Ranges,3756
4592,Victoria,Macedon Ranges,3758
4593,Victoria,Macedon Ranges,3764
4594,Victoria,Manningham,3079
4595,Victoria,Manningham,3084
4596,Victoria,Manningham,3093
4597,Victoria,Manningham,3095
4598,Victoria,Manningham,3097
4599,Victoria,Manningham,3104
4600,Victoria,Manningham,3105
4601,Victoria,Manningham,3106
4602,Victoria,Manningham,3107
4603,Victoria,Manningham,3108
4604,Victoria,Manningham,3109
4605,Victoria,Manningham,3111
4606,Victoria,Manningham,3113
4607,Victoria,Manningham,3114
4608,Victoria,Manningham,3115
4609,Victoria,Manningham,3116
4610,Victoria,Manningham,3129
4611,Victoria,Manningham,3130
4612,Victoria,Manningham,3131
4613,Victoria,Manningham,3132
4614,Victoria,Manningham,3134
4615,Victoria,Manningham,3136
4616,Victoria,Manningham,3775
4617,Victoria,Mansfield,3666
4618,Victoria,Mansfield,3670
4619,Victoria,Mansfield,3673
4620,Victoria,Mansfield,3678
4621,Victoria,Mansfield,3713
4622,Victoria,Mansfield,3714
4623,Victoria,Mansfield,3715
4624,Victoria,Mansfield,3719
4625,Victoria,Mansfield,3720
4626,Victoria,Mansfield,3722
4627,Victoria,Mansfield,3723
4628,Victoria,Mansfield,3799
4629,Victoria,Mansfield,3833
4630,Victoria,Mansfield,3858
4631,Victoria,Maribyrnong,3003
4632,Victoria,Maribyrnong,3011
4633,Victoria,Maribyrnong,3012
4634,Victoria,Maribyrnong,3013
4635,Victoria,Maribyrnong,3015
4636,Victoria,Maribyrnong,3019
4637,Victoria,Maribyrnong,3020
4638,Victoria,Maribyrnong,3031
4639,Victoria,Maribyrnong,3032
4640,Victoria,Maribyrnong,3034
4641,Victoria,Maribyrnong,3039
4642,Victoria,Maribyrnong,3040
4643,Victoria,Maroondah,3111
4644,Victoria,Maroondah,3114
4645,Victoria,Maroondah,3115
4646,Victoria,Maroondah,3116
4647,Victoria,Maroondah,3132
4648,Victoria,Maroondah,3133
4649,Victoria,Maroondah,3134
4650,Victoria,Maroondah,3135
4651,Victoria,Maroondah,3136
4652,Victoria,Maroondah,3137
4653,Victoria,Maroondah,3138
4654,Victoria,Maroondah,3152
4655,Victoria,Maroondah,3153
4656,Victoria,Maroondah,3155
4657,Victoria,Melbourne,3000
4658,Victoria,Melbourne,3002
4659,Victoria,Melbourne,3003
4660,Victoria,Melbourne,3004
4661,Victoria,Melbourne,3005
4662,Victoria,Melbourne,3006
4663,Victoria,Melbourne,3008
4664,Victoria,Melbourne,3010
4665,Victoria,Melbourne,3011
4666,Victoria,Melbourne,3013
4667,Victoria,Melbourne,3015
4668,Victoria,Melbourne,3031
4669,Victoria,Melbourne,3032
4670,Victoria,Melbourne,3051
4671,Victoria,Melbourne,3052
4672,Victoria,Melbourne,3053
4673,Victoria,Melbourne,3054
4674,Victoria,Melbourne,3055
4675,Victoria,Melbourne,3056
4676,Victoria,Melbourne,3065
4677,Victoria,Melbourne,3066
4678,Victoria,Melbourne,3068
4679,Victoria,Melbourne,3121
4680,Victoria,Melbourne,3141
4681,Victoria,Melbourne,3181
4682,Victoria,Melbourne,3205
4683,Victoria,Melbourne,3206
4684,Victoria,Melbourne,3207
4685,Victoria,Melton,3021
4686,Victoria,Melton,3023
4687,Victoria,Melton,3024
4688,Victoria,Melton,3029
4689,Victoria,Melton,3030
4690,Victoria,Melton,3037
4691,Victoria,Melton,3335
4692,Victoria,Melton,3337
4693,Victoria,Melton,3338
4694,Victoria,Melton,3340
4695,Victoria,Melton,3427
4696,Victoria,Melton,3429
4697,Victoria,Melton,3437
4698,Victoria,Mildura,2648
4699,Victoria,Mildura,2717
4700,Victoria,Mildura,2737
4701,Victoria,Mildura,2738
4702,Victoria,Mildura,2739
4703,Victoria,Mildura,3420
4704,Victoria,Mildura,3490
4705,Victoria,Mildura,3491
4706,Victoria,Mildura,3494
4707,Victoria,Mildura,3496
4708,Victoria,Mildura,3498
4709,Victoria,Mildura,3500
4710,Victoria,Mildura,3501
4711,Victoria,Mildura,3505
4712,Victoria,Mildura,3507
4713,Victoria,Mildura,3509
4714,Victoria,Mildura,3512
4715,Victoria,Mildura,3533
4716,Victoria,Mildura,3546
4717,Victoria,Mildura,3549
4718,Victoria,Mildura,5267
4719,Victoria,Mildura,5302
4720,Victoria,Mildura,5303
4721,Victoria,Mildura,5311
4722,Victoria,Mildura,5340
4723,Victoria,Mildura,5440
4724,Victoria,Mitchell,3064
4725,Victoria,Mitchell,3430
4726,Victoria,Mitchell,3435
4727,Victoria,Mitchell,3444
4728,Victoria,Mitchell,3521
4729,Victoria,Mitchell,3522
4730,Victoria,Mitchell,3523
4731,Victoria,Mitchell,3608
4732,Victoria,Mitchell,3658
4733,Victoria,Mitchell,3659
4734,Victoria,Mitchell,3660
4735,Victoria,Mitchell,3662
4736,Victoria,Mitchell,3663
4737,Victoria,Mitchell,3664
4738,Victoria,Mitchell,3666
4739,Victoria,Mitchell,3717
4740,Victoria,Mitchell,3751
4741,Victoria,Mitchell,3753
4742,Victoria,Mitchell,3756
4743,Victoria,Mitchell,3757
4744,Victoria,Mitchell,3758
4745,Victoria,Mitchell,3764
4746,Victoria,Moira,2646
4747,Victoria,Moira,2647
4748,Victoria,Moira,2710
4749,Victoria,Moira,2712
4750,Victoria,Moira,2714
4751,Victoria,Moira,2731
4752,Victoria,Moira,3564
4753,Victoria,Moira,3620
4754,Victoria,Moira,3629
4755,Victoria,Moira,3634
4756,Victoria,Moira,3635
4757,Victoria,Moira,3636
4758,Victoria,Moira,3637
4759,Victoria,Moira,3638
4760,Victoria,Moira,3639
4761,Victoria,Moira,3640
4762,Victoria,Moira,3641
4763,Victoria,Moira,3644
4764,Victoria,Moira,3646
4765,Victoria,Moira,3649
4766,Victoria,Moira,3678
4767,Victoria,Moira,3682
4768,Victoria,Moira,3726
4769,Victoria,Moira,3727
4770,Victoria,Moira,3728
4771,Victoria,Moira,3730
4772,Victoria,Monash,3125
4773,Victoria,Monash,3133
4774,Victoria,Monash,3145
4775,Victoria,Monash,3146
4776,Victoria,Monash,3147
4777,Victoria,Monash,3148
4778,Victoria,Monash,3149
4779,Victoria,Monash,3150
4780,Victoria,Monash,3151
4781,Victoria,Monash,3152
4782,Victoria,Monash,3163
4783,Victoria,Monash,3165
4784,Victoria,Monash,3166
4785,Victoria,Monash,3167
4786,Victoria,Monash,3168
4787,Victoria,Monash,3169
4788,Victoria,Monash,3170
4789,Victoria,Monash,3171
4790,Victoria,Monash,3174
4791,Victoria,Monash,3175
4792,Victoria,Monash,3178
4793,Victoria,Monash,3179
4794,Victoria,Monash,3800
4795,Victoria,Moonee Valley,3011
4796,Victoria,Moonee Valley,3012
4797,Victoria,Moonee Valley,3019
4798,Victoria,Moonee Valley,3020
4799,Victoria,Moonee Valley,3031
4800,Victoria,Moonee Valley,3032
4801,Victoria,Moonee Valley,3033
4802,Victoria,Moonee Valley,3034
4803,Victoria,Moonee Valley,3039
4804,Victoria,Moonee Valley,3040
4805,Victoria,Moonee Valley,3041
4806,Victoria,Moonee Valley,3042
4807,Victoria,Moonee Valley,3043
4808,Victoria,Moonee Valley,3044
4809,Victoria,Moonee Valley,3046
4810,Victoria,Moonee Valley,3051
4811,Victoria,Moonee Valley,3052
4812,Victoria,Moonee Valley,3055
4813,Victoria,Moorabool,3024
4814,Victoria,Moorabool,3331
4815,Victoria,Moorabool,3333
4816,Victoria,Moorabool,3334
4817,Victoria,Moorabool,3337
4818,Victoria,Moorabool,3338
4819,Victoria,Moorabool,3340
4820,Victoria,Moorabool,3341
4821,Victoria,Moorabool,3342
4822,Victoria,Moorabool,3345
4823,Victoria,Moorabool,3350
4824,Victoria,Moorabool,3352
4825,Victoria,Moorabool,3357
4826,Victoria,Moorabool,3363
4827,Victoria,Moorabool,3364
4828,Victoria,Moorabool,3437
4829,Victoria,Moorabool,3442
4830,Victoria,Moorabool,3458
4831,Victoria,Moorabool,3461
4832,Victoria,Moreland,3032
4833,Victoria,Moreland,3039
4834,Victoria,Moreland,3040
4835,Victoria,Moreland,3041
4836,Victoria,Moreland,3042
4837,Victoria,Moreland,3043
4838,Victoria,Moreland,3044
4839,Victoria,Moreland,3046
4840,Victoria,Moreland,3047
4841,Victoria,Moreland,3052
4842,Victoria,Moreland,3054
4843,Victoria,Moreland,3055
4844,Victoria,Moreland,3056
4845,Victoria,Moreland,3057
4846,Victoria,Moreland,3058
4847,Victoria,Moreland,3060
4848,Victoria,Moreland,3061
4849,Victoria,Moreland,3068
4850,Victoria,Moreland,3070
4851,Victoria,Moreland,3071
4852,Victoria,Moreland,3072
4853,Victoria,Moreland,3073
4854,Victoria,Moreland,3074
4855,Victoria,Mornington Peninsula,3199
4856,Victoria,Mornington Peninsula,3911
4857,Victoria,Mornington Peninsula,3912
4858,Victoria,Mornington Peninsula,3913
4859,Victoria,Mornington Peninsula,3915
4860,Victoria,Mornington Peninsula,3916
4861,Victoria,Mornington Peninsula,3918
4862,Victoria,Mornington Peninsula,3919
4863,Victoria,Mornington Peninsula,3920
4864,Victoria,Mornington Peninsula,3926
4865,Victoria,Mornington Peninsula,3927
4866,Victoria,Mornington Peninsula,3928
4867,Victoria,Mornington Peninsula,3929
4868,Victoria,Mornington Peninsula,3930
4869,Victoria,Mornington Peninsula,3931
4870,Victoria,Mornington Peninsula,3933
4871,Victoria,Mornington Peninsula,3934
4872,Victoria,Mornington Peninsula,3936
4873,Victoria,Mornington Peninsula,3937
4874,Victoria,Mornington Peninsula,3938
4875,Victoria,Mornington Peninsula,3939
4876,Victoria,Mornington Peninsula,3940
4877,Victoria,Mornington Peninsula,3941
4878,Victoria,Mornington Peninsula,3942
4879,Victoria,Mornington Peninsula,3943
4880,Victoria,Mornington Peninsula,3944
4881,Victoria,Mount Alexander,3364
4882,Victoria,Mount Alexander,3444
4883,Victoria,Mount Alexander,3447
4884,Victoria,Mount Alexander,3448
4885,Victoria,Mount Alexander,3450
4886,Victoria,Mount Alexander,3451
4887,Victoria,Mount Alexander,3453
4888,Victoria,Mount Alexander,3461
4889,Victoria,Mount Alexander,3462
4890,Victoria,Mount Alexander,3463
4891,Victoria,Mount Alexander,3464
4892,Victoria,Mount Alexander,3472
4893,Victoria,Mount Alexander,3522
4894,Victoria,Mount Alexander,3551
4895,Victoria,Moyne,3260
4896,Victoria,Moyne,3264
4897,Victoria,Moyne,3265
4898,Victoria,Moyne,3266
4899,Victoria,Moyne,3268
4900,Victoria,Moyne,3269
4901,Victoria,Moyne,3270
4902,Victoria,Moyne,3272
4903,Victoria,Moyne,3273
4904,Victoria,Moyne,3274
4905,Victoria,Moyne,3275
4906,Victoria,Moyne,3276
4907,Victoria,Moyne,3277
4908,Victoria,Moyne,3278
4909,Victoria,Moyne,3280
4910,Victoria,Moyne,3281
4911,Victoria,Moyne,3282
4912,Victoria,Moyne,3283
4913,Victoria,Moyne,3284
4914,Victoria,Moyne,3285
4915,Victoria,Moyne,3286
4916,Victoria,Moyne,3287
4917,Victoria,Moyne,3289
4918,Victoria,Moyne,3293
4919,Victoria,Moyne,3301
4920,Victoria,Moyne,3303
4921,Victoria,Moyne,3304
4922,Victoria,Moyne,3325
4923,Victoria,Moyne,3351
4924,Victoria,Murrindindi,3099
4925,Victoria,Murrindindi,3658
4926,Victoria,Murrindindi,3659
4927,Victoria,Murrindindi,3660
4928,Victoria,Murrindindi,3666
4929,Victoria,Murrindindi,3711
4930,Victoria,Murrindindi,3712
4931,Victoria,Murrindindi,3713
4932,Victoria,Murrindindi,3714
4933,Victoria,Murrindindi,3715
4934,Victoria,Murrindindi,3717
4935,Victoria,Murrindindi,3719
4936,Victoria,Murrindindi,3720
4937,Victoria,Murrindindi,3723
4938,Victoria,Murrindindi,3757
4939,Victoria,Murrindindi,3763
4940,Victoria,Murrindindi,3775
4941,Victoria,Murrindindi,3777
4942,Victoria,Murrindindi,3778
4943,Victoria,Murrindindi,3779
4944,Victoria,Murrindindi,3799
4945,Victoria,Nillumbik,3082
4946,Victoria,Nillumbik,3083
4947,Victoria,Nillumbik,3087
4948,Victoria,Nillumbik,3088
4949,Victoria,Nillumbik,3089
4950,Victoria,Nillumbik,3090
4951,Victoria,Nillumbik,3091
4952,Victoria,Nillumbik,3093
4953,Victoria,Nillumbik,3094
4954,Victoria,Nillumbik,3095
4955,Victoria,Nillumbik,3096
4956,Victoria,Nillumbik,3097
4957,Victoria,Nillumbik,3099
4958,Victoria,Nillumbik,3106
4959,Victoria,Nillumbik,3113
4960,Victoria,Nillumbik,3115
4961,Victoria,Nillumbik,3116
4962,Victoria,Nillumbik,3752
4963,Victoria,Nillumbik,3754
4964,Victoria,Nillumbik,3755
4965,Victoria,Nillumbik,3757
4966,Victoria,Nillumbik,3759
4967,Victoria,Nillumbik,3760
4968,Victoria,Nillumbik,3761
4969,Victoria,Nillumbik,3763
4970,Victoria,Nillumbik,3770
4971,Victoria,Nillumbik,3775
4972,Victoria,Nillumbik,3777
4973,Victoria,Northern Grampians,3294
4974,Victoria,Northern Grampians,3314
4975,Victoria,Northern Grampians,3374
4976,Victoria,Northern Grampians,3375
4977,Victoria,Northern Grampians,3377
4978,Victoria,Northern Grampians,3379
4979,Victoria,Northern Grampians,3380
4980,Victoria,Northern Grampians,3381
4981,Victoria,Northern Grampians,3384
4982,Victoria,Northern Grampians,3385
4983,Victoria,Northern Grampians,3387
4984,Victoria,Northern Grampians,3388
4985,Victoria,Northern Grampians,3390
4986,Victoria,Northern Grampians,3392
4987,Victoria,Northern Grampians,3401
4988,Victoria,Northern Grampians,3469
4989,Victoria,Northern Grampians,3475
4990,Victoria,Northern Grampians,3477
4991,Victoria,Northern Grampians,3478
4992,Victoria,Northern Grampians,3480
4993,Victoria,Northern Grampians,3518
4994,Victoria,Northern Grampians,3525
4995,Victoria,Port Phillip,3004
4996,Victoria,Port Phillip,3006
4997,Victoria,Port Phillip,3141
4998,Victoria,Port Phillip,3143
4999,Victoria,Port Phillip,3161
5000,Victoria,Port Phillip,3181
5001,Victoria,Port Phillip,3182
5002,Victoria,Port Phillip,3183
5003,Victoria,Port Phillip,3184
5004,Victoria,Port Phillip,3185
5005,Victoria,Port Phillip,3186
5006,Victoria,Port Phillip,3205
5007,Victoria,Port Phillip,3206
5008,Victoria,Port Phillip,3207
5009,Victoria,Pyrenees,3325
5010,Victoria,Pyrenees,3351
5011,Victoria,Pyrenees,3352
5012,Victoria,Pyrenees,3360
5013,Victoria,Pyrenees,3361
5014,Victoria,Pyrenees,3371
5015,Victoria,Pyrenees,3373
5016,Victoria,Pyrenees,3375
5017,Victoria,Pyrenees,3378
5018,Victoria,Pyrenees,3384
5019,Victoria,Pyrenees,3465
5020,Victoria,Pyrenees,3467
5021,Victoria,Pyrenees,3468
5022,Victoria,Pyrenees,3469
5023,Victoria,Pyrenees,3475
5024,Victoria,Pyrenees,3477
5025,Victoria,Pyrenees,3478
5026,Victoria,Queenscliffe,3222
5027,Victoria,Queenscliffe,3225
5028,Victoria,Southern Grampians,3274
5029,Victoria,Southern Grampians,3286
5030,Victoria,Southern Grampians,3287
5031,Victoria,Southern Grampians,3289
5032,Victoria,Southern Grampians,3293
5033,Victoria,Southern Grampians,3294
5034,Victoria,Southern Grampians,3300
5035,Victoria,Southern Grampians,3301
5036,Victoria,Southern Grampians,3302
5037,Victoria,Southern Grampians,3303
5038,Victoria,Southern Grampians,3310
5039,Victoria,Southern Grampians,3311
5040,Victoria,Southern Grampians,3312
5041,Victoria,Southern Grampians,3314
5042,Victoria,Southern Grampians,3315
5043,Victoria,Southern Grampians,3317
5044,Victoria,Southern Grampians,3351
5045,Victoria,Southern Grampians,3379
5046,Victoria,Southern Grampians,3381
5047,Victoria,Southern Grampians,3401
5048,Victoria,Southern Grampians,3407
5049,Victoria,South Gippsland,3818
5050,Victoria,South Gippsland,3821
5051,Victoria,South Gippsland,3823
5052,Victoria,South Gippsland,3824
5053,Victoria,South Gippsland,3835
5054,Victoria,South Gippsland,3870
5055,Victoria,South Gippsland,3871
5056,Victoria,South Gippsland,3945
5057,Victoria,South Gippsland,3950
5058,Victoria,South Gippsland,3951
5059,Victoria,South Gippsland,3953
5060,Victoria,South Gippsland,3954
5061,Victoria,South Gippsland,3956
5062,Victoria,South Gippsland,3957
5063,Victoria,South Gippsland,3958
5064,Victoria,South Gippsland,3959
5065,Victoria,South Gippsland,3960
5066,Victoria,South Gippsland,3962
5067,Victoria,South Gippsland,3965
5068,Victoria,South Gippsland,3966
5069,Victoria,South Gippsland,3971
5070,Victoria,South Gippsland,3979
5071,Victoria,South Gippsland,3981
5072,Victoria,South Gippsland,3984
5073,Victoria,South Gippsland,3987
5074,Victoria,South Gippsland,3988
5075,Victoria,South Gippsland,3995
5076,Victoria,South Gippsland,3996
5077,Victoria,Stonnington,3004
5078,Victoria,Stonnington,3121
5079,Victoria,Stonnington,3122
5080,Victoria,Stonnington,3123
5081,Victoria,Stonnington,3141
5082,Victoria,Stonnington,3142
5083,Victoria,Stonnington,3143
5084,Victoria,Stonnington,3144
5085,Victoria,Stonnington,3145
5086,Victoria,Stonnington,3146
5087,Victoria,Stonnington,3147
5088,Victoria,Stonnington,3148
5089,Victoria,Stonnington,3161
5090,Victoria,Stonnington,3163
5091,Victoria,Stonnington,3166
5092,Victoria,Stonnington,3181
5093,Victoria,Stonnington,3182
5094,Victoria,Stonnington,3183
5095,Victoria,Strathbogie,3523
5096,Victoria,Strathbogie,3551
5097,Victoria,Strathbogie,3608
5098,Victoria,Strathbogie,3610
5099,Victoria,Strathbogie,3612
5100,Victoria,Strathbogie,3631
5101,Victoria,Strathbogie,3646
5102,Victoria,Strathbogie,3660
5103,Victoria,Strathbogie,3662
5104,Victoria,Strathbogie,3663
5105,Victoria,Strathbogie,3664
5106,Victoria,Strathbogie,3666
5107,Victoria,Strathbogie,3669
5108,Victoria,Strathbogie,3670
5109,Victoria,Strathbogie,3715
5110,Victoria,Strathbogie,3719
5111,Victoria,Strathbogie,3720
5112,Victoria,Strathbogie,3726
5113,Victoria,Surf Coast,3216
5114,Victoria,Surf Coast,3221
5115,Victoria,Surf Coast,3227
5116,Victoria,Surf Coast,3228
5117,Victoria,Surf Coast,3230
5118,Victoria,Surf Coast,3231
5119,Victoria,Surf Coast,3232
5120,Victoria,Surf Coast,3235
5121,Victoria,Surf Coast,3240
5122,Victoria,Surf Coast,3241
5123,Victoria,Surf Coast,3242
5124,Victoria,Surf Coast,3243
5125,Victoria,Surf Coast,3321
5126,Victoria,Swan Hill,2715
5127,Victoria,Swan Hill,2735
5128,Victoria,Swan Hill,2736
5129,Victoria,Swan Hill,2737
5130,Victoria,Swan Hill,3501
5131,Victoria,Swan Hill,3507
5132,Victoria,Swan Hill,3530
5133,Victoria,Swan Hill,3533
5134,Victoria,Swan Hill,3542
5135,Victoria,Swan Hill,3544
5136,Victoria,Swan Hill,3546
5137,Victoria,Swan Hill,3549
5138,Victoria,Swan Hill,3579
5139,Victoria,Swan Hill,3584
5140,Victoria,Swan Hill,3585
5141,Victoria,Swan Hill,3586
5142,Victoria,Swan Hill,3588
5143,Victoria,Swan Hill,3589
5144,Victoria,Swan Hill,3590
5145,Victoria,Swan Hill,3591
5146,Victoria,Swan Hill,3594
5147,Victoria,Swan Hill,3595
5148,Victoria,Swan Hill,3596
5149,Victoria,Swan Hill,3597
5150,Victoria,Towong,2640
5151,Victoria,Towong,2642
5152,Victoria,Towong,2644
5153,Victoria,Towong,2649
5154,Victoria,Towong,3691
5155,Victoria,Towong,3695
5156,Victoria,Towong,3697
5157,Victoria,Towong,3700
5158,Victoria,Towong,3701
5159,Victoria,Towong,3705
5160,Victoria,Towong,3707
5161,Victoria,Towong,3709
5162,Victoria,Towong,3885
5163,Victoria,Towong,3900
5164,Victoria,Wangaratta,3673
5165,Victoria,Wangaratta,3675
5166,Victoria,Wangaratta,3677
5167,Victoria,Wangaratta,3678
5168,Victoria,Wangaratta,3682
5169,Victoria,Wangaratta,3683
5170,Victoria,Wangaratta,3723
5171,Victoria,Wangaratta,3726
5172,Victoria,Wangaratta,3728
5173,Victoria,Wangaratta,3730
5174,Victoria,Wangaratta,3732
5175,Victoria,Wangaratta,3733
5176,Victoria,Wangaratta,3735
5177,Victoria,Wangaratta,3737
5178,Victoria,Wangaratta,3746
5179,Victoria,Wangaratta,3747
5180,Victoria,Wangaratta,3858
5181,Victoria,Warrnambool,3275
5182,Victoria,Warrnambool,3277
5183,Victoria,Warrnambool,3280
5184,Victoria,Warrnambool,3281
5185,Victoria,Warrnambool,3282
5186,Victoria,Wellington,3678
5187,Victoria,Wellington,3723
5188,Victoria,Wellington,3737
5189,Victoria,Wellington,3741
5190,Victoria,Wellington,3825
5191,Victoria,Wellington,3833
5192,Victoria,Wellington,3844
5193,Victoria,Wellington,3847
5194,Victoria,Wellington,3850
5195,Victoria,Wellington,3851
5196,Victoria,Wellington,3852
5197,Victoria,Wellington,3854
5198,Victoria,Wellington,3856
5199,Victoria,Wellington,3857
5200,Victoria,Wellington,3858
5201,Victoria,Wellington,3859
5202,Victoria,Wellington,3860
5203,Victoria,Wellington,3862
5204,Victoria,Wellington,3864
5205,Victoria,Wellington,3870
5206,Victoria,Wellington,3873
5207,Victoria,Wellington,3874
5208,Victoria,Wellington,3875
5209,Victoria,Wellington,3880
5210,Victoria,Wellington,3898
5211,Victoria,Wellington,3960
5212,Victoria,Wellington,3962
5213,Victoria,Wellington,3966
5214,Victoria,Wellington,3971
5215,Victoria,West Wimmera,3312
5216,Victoria,West Wimmera,3315
5217,Victoria,West Wimmera,3317
5218,Victoria,West Wimmera,3318
5219,Victoria,West Wimmera,3319
5220,Victoria,West Wimmera,3401
5221,Victoria,West Wimmera,3407
5222,Victoria,West Wimmera,3409
5223,Victoria,West Wimmera,3412
5224,Victoria,West Wimmera,3413
5225,Victoria,West Wimmera,3418
5226,Victoria,West Wimmera,3419
5227,Victoria,West Wimmera,3420
5228,Victoria,West Wimmera,3490
5229,Victoria,West Wimmera,5262
5230,Victoria,West Wimmera,5263
5231,Victoria,West Wimmera,5267
5232,Victoria,West Wimmera,5268
5233,Victoria,West Wimmera,5269
5234,Victoria,West Wimmera,5271
5235,Victoria,West Wimmera,5277
5236,Victoria,Whitehorse,3103
5237,Victoria,Whitehorse,3104
5238,Victoria,Whitehorse,3108
5239,Victoria,Whitehorse,3109
5240,Victoria,Whitehorse,3111
5241,Victoria,Whitehorse,3124
5242,Victoria,Whitehorse,3125
5243,Victoria,Whitehorse,3127
5244,Victoria,Whitehorse,3128
5245,Victoria,Whitehorse,3129
5246,Victoria,Whitehorse,3130
5247,Victoria,Whitehorse,3131
5248,Victoria,Whitehorse,3132
5249,Victoria,Whitehorse,3133
5250,Victoria,Whitehorse,3134
5251,Victoria,Whitehorse,3146
5252,Victoria,Whitehorse,3149
5253,Victoria,Whitehorse,3150
5254,Victoria,Whitehorse,3151
5255,Victoria,Whitehorse,3152
5256,Victoria,Whittlesea,3061
5257,Victoria,Whittlesea,3062
5258,Victoria,Whittlesea,3064
5259,Victoria,Whittlesea,3073
5260,Victoria,Whittlesea,3074
5261,Victoria,Whittlesea,3075
5262,Victoria,Whittlesea,3076
5263,Victoria,Whittlesea,3082
5264,Victoria,Whittlesea,3083
5265,Victoria,Whittlesea,3088
5266,Victoria,Whittlesea,3090
5267,Victoria,Whittlesea,3091
5268,Victoria,Whittlesea,3099
5269,Victoria,Whittlesea,3658
5270,Victoria,Whittlesea,3750
5271,Victoria,Whittlesea,3751
5272,Victoria,Whittlesea,3752
5273,Victoria,Whittlesea,3753
5274,Victoria,Whittlesea,3754
5275,Victoria,Whittlesea,3755
5276,Victoria,Whittlesea,3756
5277,Victoria,Whittlesea,3757
5278,Victoria,Wodonga,2640
5279,Victoria,Wodonga,3688
5280,Victoria,Wodonga,3690
5281,Victoria,Wodonga,3691
5282,Victoria,Wodonga,3694
5283,Victoria,Wodonga,3749
5284,Victoria,Wyndham,3012
5285,Victoria,Wyndham,3018
5286,Victoria,Wyndham,3020
5287,Victoria,Wyndham,3024
5288,Victoria,Wyndham,3025
5289,Victoria,Wyndham,3026
5290,Victoria,Wyndham,3027
5291,Victoria,Wyndham,3028
5292,Victoria,Wyndham,3029
5293,Victoria,Wyndham,3030
5294,Victoria,Wyndham,3211
5295,Victoria,Wyndham,3212
5296,Victoria,Wyndham,3338
5297,Victoria,Wyndham,3340
5298,Victoria,Yarra,3002
5299,Victoria,Yarra,3004
5300,Victoria,Yarra,3053
5301,Victoria,Yarra,3054
5302,Victoria,Yarra,3056
5303,Victoria,Yarra,3057
5304,Victoria,Yarra,3065
5305,Victoria,Yarra,3066
5306,Victoria,Yarra,3067
5307,Victoria,Yarra,3068
5308,Victoria,Yarra,3070
5309,Victoria,Yarra,3078
5310,Victoria,Yarra,3079
5311,Victoria,Yarra,3101
5312,Victoria,Yarra,3102
5313,Victoria,Yarra,3121
5314,Victoria,Yarra,3122
5315,Victoria,Yarra,3141
5316,Victoria,Yarra,3142
5317,Victoria,Yarra Ranges,3115
5318,Victoria,Yarra Ranges,3116
5319,Victoria,Yarra Ranges,3136
5320,Victoria,Yarra Ranges,3137
5321,Victoria,Yarra Ranges,3138
5322,Victoria,Yarra Ranges,3139
5323,Victoria,Yarra Ranges,3140
5324,Victoria,Yarra Ranges,3153
5325,Victoria,Yarra Ranges,3154
5326,Victoria,Yarra Ranges,3155
5327,Victoria,Yarra Ranges,3156
5328,Victoria,Yarra Ranges,3158
5329,Victoria,Yarra Ranges,3159
5330,Victoria,Yarra Ranges,3160
5331,Victoria,Yarra Ranges,3713
5332,Victoria,Yarra Ranges,3723
5333,Victoria,Yarra Ranges,3763
5334,Victoria,Yarra Ranges,3765
5335,Victoria,Yarra Ranges,3766
5336,Victoria,Yarra Ranges,3767
5337,Victoria,Yarra Ranges,3770
5338,Victoria,Yarra Ranges,3775
5339,Victoria,Yarra Ranges,3777
5340,Victoria,Yarra Ranges,3778
5341,Victoria,Yarra Ranges,3781
5342,Victoria,Yarra Ranges,3782
5343,Victoria,Yarra Ranges,3783
5344,Victoria,Yarra Ranges,3785
5345,Victoria,Yarra Ranges,3786
5346,Victoria,Yarra Ranges,3787
5347,Victoria,Yarra Ranges,3788
5348,Victoria,Yarra Ranges,3789
5349,Victoria,Yarra Ranges,3791
5350,Victoria,Yarra Ranges,3792
5351,Victoria,Yarra Ranges,3793
5352,Victoria,Yarra Ranges,3795
5353,Victoria,Yarra Ranges,3796
5354,Victoria,Yarra Ranges,3797
5355,Victoria,Yarra Ranges,3799
5356,Victoria,Yarra Ranges,3804
5357,Victoria,Yarra Ranges,3806
5358,Victoria,Yarra Ranges,3808
5359,Victoria,Yarra Ranges,3833
5360,Victoria,Yarriambiack,3385
5361,Victoria,Yarriambiack,3387
5362,Victoria,Yarriambiack,3388
5363,Victoria,Yarriambiack,3390
5364,Victoria,Yarriambiack,3391
5365,Victoria,Yarriambiack,3392
5366,Victoria,Yarriambiack,3393
5367,Victoria,Yarriambiack,3395
5368,Victoria,Yarriambiack,3396
5369,Victoria,Yarriambiack,3401
5370,Victoria,Yarriambiack,3414
5371,Victoria,Yarriambiack,3423
5372,Victoria,Yarriambiack,3424
5373,Victoria,Yarriambiack,3480
5374,Victoria,Yarriambiack,3482
5375,Victoria,Yarriambiack,3485
5376,Victoria,Yarriambiack,3490
5377,Victoria,Yarriambiack,3491
5378,Victoria,Yarriambiack,3507
5379,Victoria,Yarriambiack,3531
5380,Victoria,Yarriambiack,3533
5381,Western Australia,Albany,6324
5382,Western Australia,Albany,6326
5383,Western Australia,Albany,6327
5384,Western Australia,Albany,6328
5385,Western Australia,Albany,6330
5386,Western Australia,Albany,6333
5387,Western Australia,Albany,6338
5388,Western Australia,Armadale,6076
5389,Western Australia,Armadale,6110
5390,Western Australia,Armadale,6111
5391,Western Australia,Armadale,6112
5392,Western Australia,Armadale,6121
5393,Western Australia,Armadale,6122
5394,Western Australia,Armadale,6124
5395,Western Australia,Armadale,6155
5396,Western Australia,Armadale,6164
