,LGA,suburb
0,Banyule,Thornbury
1,Darebin,Thornbury
2,Moreland,Thornbury
3,Banyule,Northland Centre
4,Banyule,Preston
5,Banyule,Preston Lower
6,Banyule,Preston South
7,Banyule,Preston West
8,Darebin,Northland Centre
9,Darebin,Preston
10,Darebin,Preston Lower
11,Darebin,Preston South
12,Darebin,Preston West
13,Moreland,Northland Centre
14,Moreland,Preston
15,Moreland,Preston Lower
16,Moreland,Preston South
17,Moreland,Preston West
18,Banyule,Keon Park
19,Banyule,Reservoir
20,Banyule,Reservoir East
21,Banyule,Reservoir North
22,Banyule,Reservoir South
23,Darebin,Keon Park
24,Darebin,Reservoir
25,Darebin,Reservoir East
26,Darebin,Reservoir North
27,Darebin,Reservoir South
28,Moreland,Keon Park
29,Moreland,Reservoir
30,Moreland,Reservoir East
31,Moreland,Reservoir North
32,Moreland,Reservoir South
33,Whittlesea,Keon Park
34,Whittlesea,Reservoir
35,Whittlesea,Reservoir East
36,Whittlesea,Reservoir North
37,Whittlesea,Reservoir South
38,Banyule,Alphington
39,Banyule,Fairfield
40,Boroondara,Alphington
41,Boroondara,Fairfield
42,Darebin,Alphington
43,Darebin,Fairfield
44,Yarra,Alphington
45,Yarra,Fairfield
46,Banyule,Ivanhoe
47,Banyule,Ivanhoe East
48,Banyule,Ivanhoe North
49,Boroondara,Ivanhoe
50,Boroondara,Ivanhoe East
51,Boroondara,Ivanhoe North
52,Darebin,Ivanhoe
53,Darebin,Ivanhoe East
54,Darebin,Ivanhoe North
55,Manningham,Ivanhoe
56,Manningham,Ivanhoe East
57,Manningham,Ivanhoe North
58,Yarra,Ivanhoe
59,Yarra,Ivanhoe East
60,Yarra,Ivanhoe North
61,Banyule,Bellfield
62,Banyule,Heidelberg Heights
63,Banyule,Heidelberg West
64,Darebin,Bellfield
65,Darebin,Heidelberg Heights
66,Darebin,Heidelberg West
67,Banyule,Bundoora
68,Banyule,Kingsbury
69,Banyule,La Trobe University
70,Darebin,Bundoora
71,Darebin,Kingsbury
72,Darebin,La Trobe University
73,Nillumbik,Bundoora
74,Nillumbik,Kingsbury
75,Nillumbik,La Trobe University
76,Whittlesea,Bundoora
77,Whittlesea,Kingsbury
78,Whittlesea,La Trobe University
79,Banyule,Banyule
80,Banyule,Eaglemont
81,Banyule,Heidelberg
82,Banyule,Rosanna
83,Banyule,Viewbank
84,Manningham,Banyule
85,Manningham,Eaglemont
86,Manningham,Heidelberg
87,Manningham,Rosanna
88,Manningham,Viewbank
89,Banyule,Macleod
90,Banyule,Macleod West
91,Banyule,Yallambie
92,Darebin,Macleod
93,Darebin,Macleod West
94,Darebin,Yallambie
95,Banyule,Watsonia
96,Banyule,Watsonia North
97,Darebin,Watsonia
98,Darebin,Watsonia North
99,Nillumbik,Watsonia
100,Nillumbik,Watsonia North
101,Banyule,Briar Hill
102,Banyule,Greensborough
103,Banyule,Saint Helena
104,Nillumbik,Briar Hill
105,Nillumbik,Greensborough
106,Nillumbik,Saint Helena
107,Whittlesea,Briar Hill
108,Whittlesea,Greensborough
109,Whittlesea,Saint Helena
110,Banyule,Diamond Creek
111,Nillumbik,Diamond Creek
112,Banyule,Lower Plenty
113,Manningham,Lower Plenty
114,Nillumbik,Lower Plenty
115,Banyule,Montmorency
116,Nillumbik,Montmorency
117,Banyule,Eltham
118,Banyule,Eltham North
119,Banyule,Research
120,Manningham,Eltham
121,Manningham,Eltham North
122,Manningham,Research
123,Nillumbik,Eltham
124,Nillumbik,Eltham North
125,Nillumbik,Research
126,Banyule,Kew East
127,Boroondara,Kew East
128,Yarra,Kew East
129,Banyule,Balwyn North
130,Banyule,Greythorn
131,Boroondara,Balwyn North
132,Boroondara,Greythorn
133,Manningham,Balwyn North
134,Manningham,Greythorn
135,Whitehorse,Balwyn North
136,Whitehorse,Greythorn
137,Banyule,Bulleen
138,Boroondara,Bulleen
139,Manningham,Bulleen
140,Banyule,Templestowe
141,Manningham,Templestowe
142,Nillumbik,Templestowe
143,Banyule,Templestowe Lower
144,Manningham,Templestowe Lower
145,Baw Baw,Gembrook
146,Cardinia,Gembrook
147,Yarra Ranges,Gembrook
148,Baw Baw,Gilderoy
149,Baw Baw,Gladysdale
150,Baw Baw,Powelltown
151,Baw Baw,Three Bridges
152,Baw Baw,Yarra Junction
153,Cardinia,Gilderoy
154,Cardinia,Gladysdale
155,Cardinia,Powelltown
156,Cardinia,Three Bridges
157,Cardinia,Yarra Junction
158,Yarra Ranges,Gilderoy
159,Yarra Ranges,Gladysdale
160,Yarra Ranges,Powelltown
161,Yarra Ranges,Three Bridges
162,Yarra Ranges,Yarra Junction
163,Baw Baw,Big Pats Creek
164,Baw Baw,East Warburton
165,Baw Baw,Mcmahons Creek
166,Baw Baw,Millgrove
167,Baw Baw,Reefton
168,Baw Baw,Warburton
169,Baw Baw,Wesburn
170,Mansfield,Big Pats Creek
171,Mansfield,East Warburton
172,Mansfield,Mcmahons Creek
173,Mansfield,Millgrove
174,Mansfield,Reefton
175,Mansfield,Warburton
176,Mansfield,Wesburn
177,Murrindindi,Big Pats Creek
178,Murrindindi,East Warburton
179,Murrindindi,Mcmahons Creek
180,Murrindindi,Millgrove
181,Murrindindi,Reefton
182,Murrindindi,Warburton
183,Murrindindi,Wesburn
184,Yarra Ranges,Big Pats Creek
185,Yarra Ranges,East Warburton
186,Yarra Ranges,Mcmahons Creek
187,Yarra Ranges,Millgrove
188,Yarra Ranges,Reefton
189,Yarra Ranges,Warburton
190,Yarra Ranges,Wesburn
191,Baw Baw,Bunyip
192,Baw Baw,Bunyip North
193,Baw Baw,Iona
194,Baw Baw,Tonimbuk
195,Cardinia,Bunyip
196,Cardinia,Bunyip North
197,Cardinia,Iona
198,Cardinia,Tonimbuk
199,Bayside,Caulfield
200,Bayside,Caulfield South
201,Bayside,Hopetoun Gardens
202,Glen Eira,Caulfield
203,Glen Eira,Caulfield South
204,Glen Eira,Hopetoun Gardens
205,Bayside,Brighton Road
206,Bayside,Elwood
207,Glen Eira,Brighton Road
208,Glen Eira,Elwood
209,Port Phillip,Brighton Road
210,Port Phillip,Elwood
211,Bayside,Elsternwick
212,Bayside,Gardenvale
213,Bayside,Ripponlea
214,Glen Eira,Elsternwick
215,Glen Eira,Gardenvale
216,Glen Eira,Ripponlea
217,Port Phillip,Elsternwick
218,Port Phillip,Gardenvale
219,Port Phillip,Ripponlea
220,Bayside,Brighton
221,Bayside,Brighton North
222,Bayside,Dendy
223,Glen Eira,Brighton
224,Glen Eira,Brighton North
225,Glen Eira,Dendy
226,Port Phillip,Brighton
227,Port Phillip,Brighton North
228,Port Phillip,Dendy
229,Bayside,Brighton East
230,Bayside,North Road
231,Glen Eira,Brighton East
232,Glen Eira,North Road
233,Bayside,Hampton East
234,Bayside,Hampton North
235,Kingston,Hampton East
236,Kingston,Hampton North
237,Bayside,Moorabbin
238,Bayside,Wishart
239,Glen Eira,Moorabbin
240,Glen Eira,Wishart
241,Kingston,Moorabbin
242,Kingston,Wishart
243,Bayside,Highett
244,Kingston,Highett
245,Bayside,Sandringham
246,Bayside,Cheltenham
247,Bayside,Cheltenham East
248,Bayside,Cheltenham North
249,Bayside,Southland Centre
250,Kingston,Cheltenham
251,Kingston,Cheltenham East
252,Kingston,Cheltenham North
253,Kingston,Southland Centre
254,Bayside,Beaumaris
255,Bayside,Black Rock
256,Bayside,Black Rock North
257,Bayside,Cromer
258,Kingston,Beaumaris
259,Kingston,Black Rock
260,Kingston,Black Rock North
261,Kingston,Cromer
262,Bayside,Mentone
263,Bayside,Mentone East
264,Bayside,Moorabbin Airport
265,Kingston,Mentone
266,Kingston,Mentone East
267,Kingston,Moorabbin Airport
268,Bayside,Bentleigh
269,Bayside,Mckinnon
270,Bayside,Ormond
271,Bayside,Patterson
272,Glen Eira,Bentleigh
273,Glen Eira,Mckinnon
274,Glen Eira,Ormond
275,Glen Eira,Patterson
276,Kingston,Bentleigh
277,Kingston,Mckinnon
278,Kingston,Ormond
279,Kingston,Patterson
280,Boroondara,Abbotsford
281,Yarra,Abbotsford
282,Boroondara,Cotham
283,Boroondara,Kew
284,Yarra,Cotham
285,Yarra,Kew
286,Boroondara,Balwyn
287,Boroondara,Balwyn East
288,Whitehorse,Balwyn
289,Whitehorse,Balwyn East
290,Boroondara,Doncaster
291,Manningham,Doncaster
292,Whitehorse,Doncaster
293,Boroondara,Burnley
294,Boroondara,Burnley North
295,Boroondara,Cremorne
296,Boroondara,Richmond
297,Boroondara,Richmond East
298,Boroondara,Richmond North
299,Boroondara,Richmond South
300,Melbourne,Burnley
301,Melbourne,Burnley North
302,Melbourne,Cremorne
303,Melbourne,Richmond
304,Melbourne,Richmond East
305,Melbourne,Richmond North
306,Melbourne,Richmond South
307,Stonnington,Burnley
308,Stonnington,Burnley North
309,Stonnington,Cremorne
310,Stonnington,Richmond
311,Stonnington,Richmond East
312,Stonnington,Richmond North
313,Stonnington,Richmond South
314,Yarra,Burnley
315,Yarra,Burnley North
316,Yarra,Cremorne
317,Yarra,Richmond
318,Yarra,Richmond East
319,Yarra,Richmond North
320,Yarra,Richmond South
321,Boroondara,Auburn South
322,Boroondara,Hawthorn
323,Boroondara,Hawthorn North
324,Boroondara,Hawthorn West
325,Stonnington,Auburn South
326,Stonnington,Hawthorn
327,Stonnington,Hawthorn North
328,Stonnington,Hawthorn West
329,Yarra,Auburn South
330,Yarra,Hawthorn
331,Yarra,Hawthorn North
332,Yarra,Hawthorn West
333,Boroondara,Auburn
334,Boroondara,Hawthorn East
335,Stonnington,Auburn
336,Stonnington,Hawthorn East
337,Boroondara,Camberwell
338,Boroondara,Camberwell North
339,Boroondara,Camberwell South
340,Boroondara,Camberwell West
341,Boroondara,Hartwell
342,Boroondara,Middle Camberwell
343,Whitehorse,Camberwell
344,Whitehorse,Camberwell North
345,Whitehorse,Camberwell South
346,Whitehorse,Camberwell West
347,Whitehorse,Hartwell
348,Whitehorse,Middle Camberwell
349,Boroondara,Bennettswood
350,Boroondara,Burwood
351,Boroondara,Surrey Hills South
352,Monash,Bennettswood
353,Monash,Burwood
354,Monash,Surrey Hills South
355,Whitehorse,Bennettswood
356,Whitehorse,Burwood
357,Whitehorse,Surrey Hills South
358,Boroondara,Camberwell East
359,Boroondara,Canterbury
360,Boroondara,Mont Albert
361,Boroondara,Surrey Hills
362,Boroondara,Surrey Hills North
363,Whitehorse,Mont Albert
364,Whitehorse,Surrey Hills
365,Whitehorse,Surrey Hills North
366,Boroondara,Box Hill North
367,Boroondara,Kerrimuir
368,Boroondara,Mont Albert North
369,Manningham,Box Hill North
370,Manningham,Kerrimuir
371,Manningham,Mont Albert North
372,Whitehorse,Box Hill North
373,Whitehorse,Kerrimuir
374,Whitehorse,Mont Albert North
375,Boroondara,Hawksburn
376,Boroondara,Toorak
377,Stonnington,Hawksburn
378,Stonnington,Toorak
379,Yarra,Hawksburn
380,Yarra,Toorak
381,Boroondara,Kooyong
382,Boroondara,Malvern
383,Boroondara,Malvern North
384,Glen Eira,Kooyong
385,Glen Eira,Malvern
386,Glen Eira,Malvern North
387,Stonnington,Kooyong
388,Stonnington,Malvern
389,Stonnington,Malvern North
390,Boroondara,Caulfield East
391,Boroondara,Central Park
392,Boroondara,Darling
393,Boroondara,Malvern East
394,Glen Eira,Caulfield East
395,Glen Eira,Central Park
396,Glen Eira,Darling
397,Glen Eira,Malvern East
398,Monash,Caulfield East
399,Monash,Central Park
400,Monash,Darling
401,Monash,Malvern East
402,Stonnington,Caulfield East
403,Stonnington,Central Park
404,Stonnington,Darling
405,Stonnington,Malvern East
406,Boroondara,Glen Iris
407,Monash,Glen Iris
408,Stonnington,Glen Iris
409,Whitehorse,Glen Iris
410,Boroondara,Ashburton
411,Boroondara,Ashwood
412,Monash,Ashburton
413,Monash,Ashwood
414,Stonnington,Ashburton
415,Stonnington,Ashwood
416,Brimbank,Brooklyn
417,Brimbank,Kingsville
418,Brimbank,Kingsville West
419,Brimbank,Maidstone
420,Brimbank,Tottenham
421,Brimbank,West Footscray
422,Hobsons Bay,Brooklyn
423,Hobsons Bay,Kingsville
424,Hobsons Bay,Kingsville West
425,Hobsons Bay,Maidstone
426,Hobsons Bay,Tottenham
427,Hobsons Bay,West Footscray
428,Maribyrnong,Brooklyn
429,Maribyrnong,Kingsville
430,Maribyrnong,Kingsville West
431,Maribyrnong,Maidstone
432,Maribyrnong,Tottenham
433,Maribyrnong,West Footscray
434,Moonee Valley,Brooklyn
435,Moonee Valley,Kingsville
436,Moonee Valley,Kingsville West
437,Moonee Valley,Maidstone
438,Moonee Valley,Tottenham
439,Moonee Valley,West Footscray
440,Wyndham,Brooklyn
441,Wyndham,Kingsville
442,Wyndham,Kingsville West
443,Wyndham,Maidstone
444,Wyndham,Tottenham
445,Wyndham,West Footscray
446,Brimbank,Braybrook
447,Brimbank,Braybrook North
448,Brimbank,Robinson
449,Maribyrnong,Braybrook
450,Maribyrnong,Braybrook North
451,Maribyrnong,Robinson
452,Moonee Valley,Braybrook
453,Moonee Valley,Braybrook North
454,Moonee Valley,Robinson
455,Brimbank,Albion
456,Brimbank,Glengala
457,Brimbank,Sunshine North
458,Brimbank,Sunshine West
459,Maribyrnong,Albion
460,Maribyrnong,Glengala
461,Maribyrnong,Sunshine North
462,Maribyrnong,Sunshine West
463,Moonee Valley,Albion
464,Moonee Valley,Glengala
465,Moonee Valley,Sunshine North
466,Moonee Valley,Sunshine West
467,Wyndham,Albion
468,Wyndham,Glengala
469,Wyndham,Sunshine North
470,Wyndham,Sunshine West
471,Brimbank,Albanvale
472,Brimbank,Kealba
473,Brimbank,Kings Park
474,Brimbank,St Albans
475,Melton,Albanvale
476,Melton,Kealba
477,Melton,Kings Park
478,Melton,St Albans
479,Brimbank,Ardeer
480,Brimbank,Deer Park East
481,Brimbank,Burnside
482,Brimbank,Burnside Heights
483,Brimbank,Cairnlea
484,Brimbank,Caroline Springs
485,Brimbank,Deer Park
486,Brimbank,Deer Park North
487,Brimbank,Ravenhall
488,Melton,Burnside
489,Melton,Burnside Heights
490,Melton,Cairnlea
491,Melton,Caroline Springs
492,Melton,Deer Park
493,Melton,Deer Park North
494,Melton,Ravenhall
495,Brimbank,Mambourin
496,Brimbank,Mount Cottrell
497,Brimbank,Wyndham Vale
498,Greater Geelong,Mambourin
499,Greater Geelong,Mount Cottrell
500,Greater Geelong,Wyndham Vale
501,Melton,Mambourin
502,Melton,Mount Cottrell
503,Melton,Wyndham Vale
504,Moorabool,Mambourin
505,Moorabool,Mount Cottrell
506,Moorabool,Wyndham Vale
507,Wyndham,Mambourin
508,Wyndham,Mount Cottrell
509,Wyndham,Wyndham Vale
510,Brimbank,Laverton North
511,Hobsons Bay,Laverton North
512,Wyndham,Laverton North
513,Brimbank,Hoppers Crossing
514,Brimbank,Tarneit
515,Brimbank,Truganina
516,Melton,Hoppers Crossing
517,Melton,Tarneit
518,Melton,Truganina
519,Wyndham,Hoppers Crossing
520,Wyndham,Tarneit
521,Wyndham,Truganina
522,Brimbank,Cocoroc
523,Brimbank,Derrimut
524,Brimbank,Point Cook
525,Brimbank,Quandong
526,Brimbank,Werribee
527,Brimbank,Werribee South
528,Greater Geelong,Cocoroc
529,Greater Geelong,Derrimut
530,Greater Geelong,Point Cook
531,Greater Geelong,Quandong
532,Greater Geelong,Werribee
533,Greater Geelong,Werribee South
534,Hobsons Bay,Cocoroc
535,Hobsons Bay,Derrimut
536,Hobsons Bay,Point Cook
537,Hobsons Bay,Quandong
538,Hobsons Bay,Werribee
539,Hobsons Bay,Werribee South
540,Melton,Cocoroc
541,Melton,Derrimut
542,Melton,Point Cook
543,Melton,Quandong
544,Melton,Werribee
545,Melton,Werribee South
546,Wyndham,Cocoroc
547,Wyndham,Derrimut
548,Wyndham,Point Cook
549,Wyndham,Quandong
550,Wyndham,Werribee
551,Wyndham,Werribee South
552,Brimbank,Keilor East
553,Moonee Valley,Keilor East
554,Brimbank,Avondale Heights
555,Maribyrnong,Avondale Heights
556,Moonee Valley,Avondale Heights
557,Brimbank,Keilor
558,Brimbank,Keilor North
559,Hume,Keilor
560,Hume,Keilor North
561,Brimbank,Delahey
562,Brimbank,Hillside
563,Brimbank,Sydenham
564,Brimbank,Taylors Hill
565,Hume,Delahey
566,Hume,Hillside
567,Hume,Sydenham
568,Hume,Taylors Hill
569,Melton,Delahey
570,Melton,Hillside
571,Melton,Sydenham
572,Melton,Taylors Hill
573,Brimbank,Keilor Downs
574,Brimbank,Keilor Lodge
575,Brimbank,Taylors Lakes
576,Brimbank,Watergardens
577,Brimbank,Airport West
578,Brimbank,Keilor Park
579,Brimbank,Niddrie
580,Hume,Airport West
581,Hume,Keilor Park
582,Hume,Niddrie
583,Moonee Valley,Airport West
584,Moonee Valley,Keilor Park
585,Moonee Valley,Niddrie
586,Moreland,Airport West
587,Moreland,Keilor Park
588,Moreland,Niddrie
589,Brimbank,Gladstone Park
590,Brimbank,Gowanbrae
591,Brimbank,Tullamarine
592,Hume,Gladstone Park
593,Hume,Gowanbrae
594,Hume,Tullamarine
595,Moonee Valley,Gladstone Park
596,Moonee Valley,Gowanbrae
597,Moonee Valley,Tullamarine
598,Moreland,Gladstone Park
599,Moreland,Gowanbrae
600,Moreland,Tullamarine
601,Brimbank,Melbourne Airport
602,Hume,Melbourne Airport
603,Brimbank,Plumpton
604,Brimbank,Rockbank
605,Melton,Plumpton
606,Melton,Rockbank
607,Brimbank,Diggers Rest
608,Hume,Diggers Rest
609,Macedon Ranges,Diggers Rest
610,Melton,Diggers Rest
611,Brimbank,Bulla
612,Hume,Bulla
613,Cardinia,Beenak
614,Cardinia,Don Valley
615,Cardinia,Hoddles Creek
616,Cardinia,Launching Place
617,Cardinia,Seville
618,Cardinia,Seville East
619,Cardinia,Wandin East
620,Cardinia,Wandin North
621,Cardinia,Woori Yallock
622,Cardinia,Yellingbo
623,Yarra Ranges,Beenak
624,Yarra Ranges,Don Valley
625,Yarra Ranges,Hoddles Creek
626,Yarra Ranges,Launching Place
627,Yarra Ranges,Seville
628,Yarra Ranges,Seville East
629,Yarra Ranges,Wandin East
630,Yarra Ranges,Wandin North
631,Yarra Ranges,Woori Yallock
632,Yarra Ranges,Yellingbo
633,Cardinia,Menzies Creek
634,Cardinia,Selby
635,Yarra Ranges,Menzies Creek
636,Yarra Ranges,Selby
637,Cardinia,Belgrave
638,Cardinia,Belgrave Heights
639,Cardinia,Belgrave South
640,Cardinia,Tecoma
641,Yarra Ranges,Belgrave
642,Yarra Ranges,Belgrave Heights
643,Yarra Ranges,Belgrave South
644,Yarra Ranges,Tecoma
645,Cardinia,Cockatoo
646,Cardinia,Mount Burnett
647,Cardinia,Nangana
648,Yarra Ranges,Cockatoo
649,Yarra Ranges,Mount Burnett
650,Yarra Ranges,Nangana
651,Cardinia,Avonsleigh
652,Cardinia,Clematis
653,Cardinia,Emerald
654,Cardinia,Macclesfield
655,Yarra Ranges,Avonsleigh
656,Yarra Ranges,Clematis
657,Yarra Ranges,Emerald
658,Yarra Ranges,Macclesfield
659,Cardinia,Kallista
660,Yarra Ranges,Kallista
661,Cardinia,Narre Warren East
662,Cardinia,Narre Warren North
663,Casey,Narre Warren East
664,Casey,Narre Warren North
665,Knox,Narre Warren East
666,Knox,Narre Warren North
667,Yarra Ranges,Narre Warren East
668,Yarra Ranges,Narre Warren North
669,Cardinia,Berwick
670,Cardinia,Harkaway
671,Casey,Berwick
672,Casey,Harkaway
673,Yarra Ranges,Berwick
674,Yarra Ranges,Harkaway
675,Cardinia,Beaconsfield
676,Cardinia,Guys Hill
677,Casey,Beaconsfield
678,Casey,Guys Hill
679,Cardinia,Beaconsfield Upper
680,Cardinia,Dewhurst
681,Casey,Beaconsfield Upper
682,Casey,Dewhurst
683,Yarra Ranges,Beaconsfield Upper
684,Yarra Ranges,Dewhurst
685,Cardinia,Officer
686,Cardinia,Officer South
687,Casey,Officer
688,Casey,Officer South
689,Cardinia,Pakenham
690,Cardinia,Pakenham South
691,Cardinia,Pakenham Upper
692,Cardinia,Rythdale
693,Cardinia,Maryknoll
694,Cardinia,Nar Nar Goon
695,Cardinia,Nar Nar Goon North
696,Cardinia,Tynong
697,Cardinia,Tynong North
698,Cardinia,Cora Lynn
699,Cardinia,Garfield
700,Cardinia,Garfield North
701,Cardinia,Vervale
702,Cardinia,Cannons Creek
703,Cardinia,Cranbourne
704,Cardinia,Cranbourne East
705,Cardinia,Cranbourne North
706,Cardinia,Cranbourne South
707,Cardinia,Cranbourne West
708,Cardinia,Devon Meadows
709,Cardinia,Junction Village
710,Cardinia,Sandhurst
711,Cardinia,Skye
712,Casey,Cannons Creek
713,Casey,Cranbourne
714,Casey,Cranbourne East
715,Casey,Cranbourne North
716,Casey,Cranbourne South
717,Casey,Cranbourne West
718,Casey,Devon Meadows
719,Casey,Junction Village
720,Casey,Sandhurst
721,Casey,Skye
722,Frankston,Cannons Creek
723,Frankston,Cranbourne
724,Frankston,Cranbourne East
725,Frankston,Cranbourne North
726,Frankston,Cranbourne South
727,Frankston,Cranbourne West
728,Frankston,Devon Meadows
729,Frankston,Junction Village
730,Frankston,Sandhurst
731,Frankston,Skye
732,Greater Dandenong,Cannons Creek
733,Greater Dandenong,Cranbourne
734,Greater Dandenong,Cranbourne East
735,Greater Dandenong,Cranbourne North
736,Greater Dandenong,Cranbourne South
737,Greater Dandenong,Cranbourne West
738,Greater Dandenong,Devon Meadows
739,Greater Dandenong,Junction Village
740,Greater Dandenong,Sandhurst
741,Greater Dandenong,Skye
742,Cardinia,Cardinia
743,Cardinia,Clyde
744,Cardinia,Clyde North
745,Casey,Cardinia
746,Casey,Clyde
747,Casey,Clyde North
748,Cardinia,Blind Bight
749,Cardinia,Tooradin
750,Cardinia,Warneet
751,Casey,Blind Bight
752,Casey,Tooradin
753,Casey,Warneet
754,Casey,Ferntree Gully
755,Casey,Lysterfield
756,Casey,Lysterfield South
757,Casey,Mountain Gate
758,Casey,Upper Ferntree Gully
759,Knox,Ferntree Gully
760,Knox,Lysterfield
761,Knox,Lysterfield South
762,Knox,Mountain Gate
763,Knox,Upper Ferntree Gully
764,Yarra Ranges,Ferntree Gully
765,Yarra Ranges,Lysterfield
766,Yarra Ranges,Lysterfield South
767,Yarra Ranges,Mountain Gate
768,Yarra Ranges,Upper Ferntree Gully
769,Casey,Bangholme
770,Casey,Dandenong
771,Casey,Dandenong East
772,Casey,Dandenong North
773,Casey,Dandenong South
774,Casey,Dunearn
775,Frankston,Bangholme
776,Frankston,Dandenong
777,Frankston,Dandenong East
778,Frankston,Dandenong North
779,Frankston,Dandenong South
780,Frankston,Dunearn
781,Greater Dandenong,Bangholme
782,Greater Dandenong,Dandenong
783,Greater Dandenong,Dandenong East
784,Greater Dandenong,Dandenong North
785,Greater Dandenong,Dandenong South
786,Greater Dandenong,Dunearn
787,Kingston,Bangholme
788,Kingston,Dandenong
789,Kingston,Dandenong East
790,Kingston,Dandenong North
791,Kingston,Dandenong South
792,Kingston,Dunearn
793,Knox,Bangholme
794,Knox,Dandenong
795,Knox,Dandenong East
796,Knox,Dandenong North
797,Knox,Dandenong South
798,Knox,Dunearn
799,Monash,Bangholme
800,Monash,Dandenong
801,Monash,Dandenong East
802,Monash,Dandenong North
803,Monash,Dandenong South
804,Monash,Dunearn
805,Casey,Doveton
806,Casey,Eumemmerring
807,Greater Dandenong,Doveton
808,Greater Dandenong,Eumemmerring
809,Casey,Rowville
810,Greater Dandenong,Rowville
811,Knox,Rowville
812,Monash,Rowville
813,Casey,Endeavour Hills
814,Greater Dandenong,Endeavour Hills
815,Knox,Endeavour Hills
816,Casey,Hallam
817,Greater Dandenong,Hallam
818,Casey,Fountain Gate
819,Casey,Narre Warren
820,Casey,Narre Warren South
821,Casey,Langwarrin
822,Frankston,Langwarrin
823,Casey,Baxter
824,Casey,Langwarrin South
825,Frankston,Baxter
826,Frankston,Langwarrin South
827,Mornington Peninsula,Baxter
828,Mornington Peninsula,Langwarrin South
829,Casey,Pearcedale
830,Casey,Somerville
831,Frankston,Pearcedale
832,Frankston,Somerville
833,Mornington Peninsula,Pearcedale
834,Mornington Peninsula,Somerville
835,Casey,Lynbrook
836,Casey,Lyndhurst
837,Greater Dandenong,Lynbrook
838,Greater Dandenong,Lyndhurst
839,Casey,Hampton Park
840,Greater Dandenong,Hampton Park
841,Darebin,Brunswick East
842,Moreland,Brunswick East
843,Yarra,Brunswick East
844,Darebin,Batman
845,Darebin,Coburg
846,Darebin,Coburg North
847,Darebin,Merlynston
848,Darebin,Moreland
849,Moreland,Batman
850,Moreland,Coburg
851,Moreland,Coburg North
852,Moreland,Merlynston
853,Moreland,Moreland
854,Darebin,Fawkner
855,Darebin,Fawkner East
856,Darebin,Fawkner North
857,Hume,Fawkner
858,Hume,Fawkner East
859,Hume,Fawkner North
860,Moreland,Fawkner
861,Moreland,Fawkner East
862,Moreland,Fawkner North
863,Darebin,Clifton Hill
864,Darebin,Fitzroy North
865,Melbourne,Clifton Hill
866,Melbourne,Fitzroy North
867,Moreland,Clifton Hill
868,Moreland,Fitzroy North
869,Yarra,Clifton Hill
870,Yarra,Fitzroy North
871,Darebin,Northcote
872,Darebin,Northcote South
873,Moreland,Northcote
874,Moreland,Northcote South
875,Yarra,Northcote
876,Yarra,Northcote South
877,Darebin,Thomastown
878,Hume,Thomastown
879,Moreland,Thomastown
880,Whittlesea,Thomastown
881,Frankston,Carrum
882,Frankston,Patterson Lakes
883,Greater Dandenong,Carrum
884,Greater Dandenong,Patterson Lakes
885,Kingston,Carrum
886,Kingston,Patterson Lakes
887,Frankston,Belvedere Park
888,Frankston,Seaford
889,Kingston,Belvedere Park
890,Kingston,Seaford
891,Frankston,Frankston
892,Frankston,Frankston East
893,Frankston,Frankston Heights
894,Frankston,Frankston South
895,Frankston,Karingal
896,Frankston,Karingal Centre
897,Mornington Peninsula,Frankston
898,Mornington Peninsula,Frankston East
899,Mornington Peninsula,Frankston Heights
900,Mornington Peninsula,Frankston South
901,Mornington Peninsula,Karingal
902,Mornington Peninsula,Karingal Centre
903,Frankston,Frankston North
904,Frankston,Pines Forest
905,Frankston,Carrum Downs
906,Greater Dandenong,Carrum Downs
907,Kingston,Carrum Downs
908,Frankston,Kunyung
909,Frankston,Mount Eliza
910,Mornington Peninsula,Kunyung
911,Mornington Peninsula,Mount Eliza
912,Glen Eira,Armadale
913,Glen Eira,Armadale North
914,Port Phillip,Armadale
915,Port Phillip,Armadale North
916,Stonnington,Armadale
917,Stonnington,Armadale North
918,Glen Eira,Caulfield Junction
919,Glen Eira,Caulfield North
920,Port Phillip,Caulfield Junction
921,Port Phillip,Caulfield North
922,Stonnington,Caulfield Junction
923,Stonnington,Caulfield North
924,Glen Eira,Carnegie
925,Glen Eira,Glen Huntly
926,Glen Eira,Murrumbeena
927,Monash,Carnegie
928,Monash,Glen Huntly
929,Monash,Murrumbeena
930,Stonnington,Carnegie
931,Stonnington,Glen Huntly
932,Stonnington,Murrumbeena
933,Glen Eira,Bentleigh East
934,Glen Eira,Coatesville
935,Kingston,Bentleigh East
936,Kingston,Coatesville
937,Monash,Bentleigh East
938,Monash,Coatesville
939,Glen Eira,Hughesdale
940,Glen Eira,Huntingdale
941,Glen Eira,Oakleigh
942,Glen Eira,Oakleigh East
943,Monash,Hughesdale
944,Monash,Huntingdale
945,Monash,Oakleigh
946,Monash,Oakleigh East
947,Stonnington,Hughesdale
948,Stonnington,Huntingdale
949,Stonnington,Oakleigh
950,Stonnington,Oakleigh East
951,Glen Eira,Oakleigh South
952,Kingston,Oakleigh South
953,Monash,Oakleigh South
954,Glen Eira,Balaclava
955,Glen Eira,St Kilda East
956,Port Phillip,Balaclava
957,Port Phillip,St Kilda East
958,Stonnington,Balaclava
959,Stonnington,St Kilda East
960,Greater Dandenong,Clayton
961,Greater Dandenong,Notting Hill
962,Kingston,Clayton
963,Kingston,Notting Hill
964,Monash,Clayton
965,Monash,Notting Hill
966,Greater Dandenong,Clarinda
967,Greater Dandenong,Clayton South
968,Kingston,Clarinda
969,Kingston,Clayton South
970,Monash,Clarinda
971,Monash,Clayton South
972,Greater Dandenong,Mulgrave
973,Greater Dandenong,Waverley Gardens
974,Knox,Mulgrave
975,Knox,Waverley Gardens
976,Monash,Mulgrave
977,Monash,Waverley Gardens
978,Greater Dandenong,Sandown Village
979,Greater Dandenong,Springvale
980,Kingston,Sandown Village
981,Kingston,Springvale
982,Monash,Sandown Village
983,Monash,Springvale
984,Greater Dandenong,Dingley Village
985,Greater Dandenong,Springvale South
986,Kingston,Dingley Village
987,Kingston,Springvale South
988,Greater Dandenong,Keysborough
989,Kingston,Keysborough
990,Greater Dandenong,Noble Park
991,Greater Dandenong,Noble Park East
992,Greater Dandenong,Noble Park North
993,Monash,Noble Park
994,Monash,Noble Park East
995,Monash,Noble Park North
996,Greater Dandenong,Aspendale
997,Greater Dandenong,Aspendale Gardens
998,Greater Dandenong,Braeside
999,Greater Dandenong,Mordialloc
1000,Greater Dandenong,Parkdale
1001,Greater Dandenong,Waterways
1002,Kingston,Aspendale
1003,Kingston,Aspendale Gardens
1004,Kingston,Braeside
1005,Kingston,Mordialloc
1006,Kingston,Parkdale
1007,Kingston,Waterways
1008,Greater Dandenong,Bonbeach
1009,Greater Dandenong,Chelsea
1010,Greater Dandenong,Chelsea Heights
1011,Greater Dandenong,Edithvale
1012,Kingston,Bonbeach
1013,Kingston,Chelsea
1014,Kingston,Chelsea Heights
1015,Kingston,Edithvale
1016,Greater Geelong,Little River
1017,Wyndham,Little River
1018,Hobsons Bay,Yarraville
1019,Hobsons Bay,Yarraville West
1020,Maribyrnong,Yarraville
1021,Maribyrnong,Yarraville West
1022,Melbourne,Yarraville
1023,Melbourne,Yarraville West
1024,Hobsons Bay,Newport
1025,Hobsons Bay,South Kingsville
1026,Hobsons Bay,Spotswood
1027,Maribyrnong,Newport
1028,Maribyrnong,South Kingsville
1029,Maribyrnong,Spotswood
1030,Melbourne,Newport
1031,Melbourne,South Kingsville
1032,Melbourne,Spotswood
1033,Hobsons Bay,Williamstown
1034,Hobsons Bay,Williamstown North
1035,Hobsons Bay,Altona
1036,Hobsons Bay,Seaholme
1037,Wyndham,Altona
1038,Wyndham,Seaholme
1039,Hobsons Bay,Altona East
1040,Hobsons Bay,Altona Gate
1041,Hobsons Bay,Altona North
1042,Wyndham,Altona East
1043,Wyndham,Altona Gate
1044,Wyndham,Altona North
1045,Hobsons Bay,Laverton Raaf
1046,Wyndham,Laverton Raaf
1047,Hobsons Bay,Altona Meadows
1048,Hobsons Bay,Laverton
1049,Hobsons Bay,Seabrook
1050,Wyndham,Altona Meadows
1051,Wyndham,Laverton
1052,Wyndham,Seabrook
1053,Hobsons Bay,Garden City
1054,Hobsons Bay,Port Melbourne
1055,Melbourne,Garden City
1056,Melbourne,Port Melbourne
1057,Port Phillip,Garden City
1058,Port Phillip,Port Melbourne
1059,Hume,Glenroy
1060,Hume,Hadfield
1061,Hume,Oak Park
1062,Moonee Valley,Glenroy
1063,Moonee Valley,Hadfield
1064,Moonee Valley,Oak Park
1065,Moreland,Glenroy
1066,Moreland,Hadfield
1067,Moreland,Oak Park
1068,Hume,Broadmeadows
1069,Hume,Dallas
1070,Hume,Jacana
1071,Moreland,Broadmeadows
1072,Moreland,Dallas
1073,Moreland,Jacana
1074,Hume,Coolaroo
1075,Hume,Meadow Heights
1076,Hume,Attwood
1077,Hume,Calder Park
1078,Hume,Westmeadows
1079,Hume,Greenvale
1080,Hume,Campbellfield
1081,Moreland,Campbellfield
1082,Whittlesea,Campbellfield
1083,Hume,Somerton
1084,Whittlesea,Somerton
1085,Hume,Oaklands Junction
1086,Hume,Yuroke
1087,Hume,Craigieburn
1088,Hume,Donnybrook
1089,Hume,Kalkallo
1090,Hume,Mickleham
1091,Hume,Roxburgh Park
1092,Macedon Ranges,Craigieburn
1093,Macedon Ranges,Donnybrook
1094,Macedon Ranges,Kalkallo
1095,Macedon Ranges,Mickleham
1096,Macedon Ranges,Roxburgh Park
1097,Mitchell,Craigieburn
1098,Mitchell,Donnybrook
1099,Mitchell,Kalkallo
1100,Mitchell,Mickleham
1101,Mitchell,Roxburgh Park
1102,Whittlesea,Craigieburn
1103,Whittlesea,Donnybrook
1104,Whittlesea,Kalkallo
1105,Whittlesea,Mickleham
1106,Whittlesea,Roxburgh Park
1107,Hume,Lalor
1108,Hume,Lalor Plaza
1109,Whittlesea,Lalor
1110,Whittlesea,Lalor Plaza
1111,Hume,Sunbury
1112,Hume,Wildwood
1113,Macedon Ranges,Sunbury
1114,Macedon Ranges,Wildwood
1115,Melton,Sunbury
1116,Melton,Wildwood
1117,Hume,Wollert
1118,Whittlesea,Wollert
1119,Hume,Woodstock
1120,Mitchell,Woodstock
1121,Whittlesea,Woodstock
1122,Kingston,Heatherton
1123,Knox,Vermont
1124,Knox,Vermont South
1125,Maroondah,Vermont
1126,Maroondah,Vermont South
1127,Monash,Vermont
1128,Monash,Vermont South
1129,Whitehorse,Vermont
1130,Whitehorse,Vermont South
1131,Knox,Ringwood
1132,Knox,Ringwood North
1133,Knox,Warrandyte South
1134,Knox,Warranwood
1135,Manningham,Ringwood
1136,Manningham,Ringwood North
1137,Manningham,Warrandyte South
1138,Manningham,Warranwood
1139,Maroondah,Ringwood
1140,Maroondah,Ringwood North
1141,Maroondah,Warrandyte South
1142,Maroondah,Warranwood
1143,Whitehorse,Ringwood
1144,Whitehorse,Ringwood North
1145,Whitehorse,Warrandyte South
1146,Whitehorse,Warranwood
1147,Knox,Bedford Road
1148,Knox,Heathmont
1149,Knox,Ringwood East
1150,Maroondah,Bedford Road
1151,Maroondah,Heathmont
1152,Maroondah,Ringwood East
1153,Knox,Kilsyth
1154,Knox,Kilsyth South
1155,Maroondah,Kilsyth
1156,Maroondah,Kilsyth South
1157,Yarra Ranges,Kilsyth
1158,Yarra Ranges,Kilsyth South
1159,Knox,Glen Waverley
1160,Knox,Wheelers Hill
1161,Monash,Glen Waverley
1162,Monash,Wheelers Hill
1163,Whitehorse,Glen Waverley
1164,Whitehorse,Wheelers Hill
1165,Knox,Knox City Centre
1166,Knox,Wantirna
1167,Knox,Wantirna South
1168,Maroondah,Knox City Centre
1169,Maroondah,Wantirna
1170,Maroondah,Wantirna South
1171,Monash,Knox City Centre
1172,Monash,Wantirna
1173,Monash,Wantirna South
1174,Whitehorse,Knox City Centre
1175,Whitehorse,Wantirna
1176,Whitehorse,Wantirna South
1177,Knox,Bayswater
1178,Knox,Bayswater North
1179,Maroondah,Bayswater
1180,Maroondah,Bayswater North
1181,Yarra Ranges,Bayswater
1182,Yarra Ranges,Bayswater North
1183,Knox,The Basin
1184,Yarra Ranges,The Basin
1185,Knox,Boronia
1186,Maroondah,Boronia
1187,Yarra Ranges,Boronia
1188,Knox,Upwey
1189,Yarra Ranges,Upwey
1190,Knox,Scoresby
1191,Monash,Scoresby
1192,Knox,Knoxfield
1193,Knox,Tremont
1194,Yarra Ranges,Tremont
1195,Knox,Ferny Creek
1196,Yarra Ranges,Ferny Creek
1197,Knox,Sassafras
1198,Knox,Sassafras Gully
1199,Yarra Ranges,Sassafras
1200,Yarra Ranges,Sassafras Gully
1201,Knox,Olinda
1202,Yarra Ranges,Olinda
1203,Manningham,Bend Of Islands
1204,Manningham,Kangaroo Ground
1205,Manningham,Watsons Creek
1206,Nillumbik,Bend Of Islands
1207,Nillumbik,Kangaroo Ground
1208,Nillumbik,Watsons Creek
1209,Manningham,Doncaster East
1210,Manningham,Doncaster Heights
1211,Manningham,The Pines
1212,Whitehorse,Doncaster East
1213,Whitehorse,Doncaster Heights
1214,Whitehorse,The Pines
1215,Manningham,Donvale
1216,Maroondah,Donvale
1217,Whitehorse,Donvale
1218,Manningham,North Warrandyte
1219,Manningham,Warrandyte
1220,Nillumbik,North Warrandyte
1221,Nillumbik,Warrandyte
1222,Manningham,Park Orchards
1223,Maroondah,Park Orchards
1224,Manningham,Wonga Park
1225,Maroondah,Wonga Park
1226,Nillumbik,Wonga Park
1227,Yarra Ranges,Wonga Park
1228,Manningham,Chirnside Park
1229,Maroondah,Chirnside Park
1230,Nillumbik,Chirnside Park
1231,Yarra Ranges,Chirnside Park
1232,Manningham,Blackburn
1233,Manningham,Blackburn North
1234,Manningham,Blackburn South
1235,Manningham,Laburnum
1236,Whitehorse,Blackburn
1237,Whitehorse,Blackburn North
1238,Whitehorse,Blackburn South
1239,Whitehorse,Laburnum
1240,Manningham,Brentford Square
1241,Manningham,Forest Hill
1242,Manningham,Nunawading
1243,Whitehorse,Brentford Square
1244,Whitehorse,Forest Hill
1245,Whitehorse,Nunawading
1246,Manningham,Mitcham
1247,Manningham,Mitcham North
1248,Manningham,Rangeview
1249,Maroondah,Mitcham
1250,Maroondah,Mitcham North
1251,Maroondah,Rangeview
1252,Whitehorse,Mitcham
1253,Whitehorse,Mitcham North
1254,Whitehorse,Rangeview
1255,Manningham,Croydon
1256,Manningham,Croydon Hills
1257,Manningham,Croydon North
1258,Manningham,Croydon South
1259,Maroondah,Croydon
1260,Maroondah,Croydon Hills
1261,Maroondah,Croydon North
1262,Maroondah,Croydon South
1263,Yarra Ranges,Croydon
1264,Yarra Ranges,Croydon Hills
1265,Yarra Ranges,Croydon North
1266,Yarra Ranges,Croydon South
1267,Manningham,Christmas Hills
1268,Manningham,Dixons Creek
1269,Manningham,Steels Creek
1270,Manningham,Tarrawarra
1271,Manningham,Yarra Glen
1272,Murrindindi,Christmas Hills
1273,Murrindindi,Dixons Creek
1274,Murrindindi,Steels Creek
1275,Murrindindi,Tarrawarra
1276,Murrindindi,Yarra Glen
1277,Nillumbik,Christmas Hills
1278,Nillumbik,Dixons Creek
1279,Nillumbik,Steels Creek
1280,Nillumbik,Tarrawarra
1281,Nillumbik,Yarra Glen
1282,Yarra Ranges,Christmas Hills
1283,Yarra Ranges,Dixons Creek
1284,Yarra Ranges,Steels Creek
1285,Yarra Ranges,Tarrawarra
1286,Yarra Ranges,Yarra Glen
1287,Maribyrnong,West Melbourne
1288,Melbourne,West Melbourne
1289,Maribyrnong,Footscray
1290,Maribyrnong,Seddon
1291,Maribyrnong,Seddon West
1292,Melbourne,Footscray
1293,Melbourne,Seddon
1294,Melbourne,Seddon West
1295,Moonee Valley,Footscray
1296,Moonee Valley,Seddon
1297,Moonee Valley,Seddon West
1298,Maribyrnong,Flemington
1299,Maribyrnong,Kensington
1300,Melbourne,Flemington
1301,Melbourne,Kensington
1302,Moonee Valley,Flemington
1303,Moonee Valley,Kensington
1304,Maribyrnong,Ascot Vale
1305,Maribyrnong,Highpoint City
1306,Maribyrnong,Maribyrnong
1307,Maribyrnong,Travancore
1308,Melbourne,Ascot Vale
1309,Melbourne,Highpoint City
1310,Melbourne,Maribyrnong
1311,Melbourne,Travancore
1312,Moonee Valley,Ascot Vale
1313,Moonee Valley,Highpoint City
1314,Moonee Valley,Maribyrnong
1315,Moonee Valley,Travancore
1316,Moreland,Ascot Vale
1317,Moreland,Highpoint City
1318,Moreland,Maribyrnong
1319,Moreland,Travancore
1320,Maribyrnong,Moonee Ponds
1321,Moonee Valley,Moonee Ponds
1322,Moreland,Moonee Ponds
1323,Maribyrnong,Aberfeldie
1324,Maribyrnong,Essendon
1325,Maribyrnong,Essendon West
1326,Moonee Valley,Aberfeldie
1327,Moonee Valley,Essendon
1328,Moonee Valley,Essendon West
1329,Moreland,Aberfeldie
1330,Moreland,Essendon
1331,Moreland,Essendon West
1332,Maroondah,Mooroolbark
1333,Yarra Ranges,Mooroolbark
1334,Melbourne,Melbourne
1335,Melbourne,East Melbourne
1336,Yarra,East Melbourne
1337,Port Phillip,Melbourne
1338,Stonnington,Melbourne
1339,Yarra,Melbourne
1340,Melbourne,World Trade Centre
1341,Melbourne,Southbank
1342,Port Phillip,Southbank
1343,Melbourne,Docklands
1344,Melbourne,University Of Melbourne
1345,Melbourne,North Melbourne
1346,Moonee Valley,North Melbourne
1347,Melbourne,Melbourne University
1348,Melbourne,Parkville
1349,Moonee Valley,Melbourne University
1350,Moonee Valley,Parkville
1351,Moreland,Melbourne University
1352,Moreland,Parkville
1353,Melbourne,Carlton
1354,Melbourne,Carlton South
1355,Yarra,Carlton
1356,Yarra,Carlton South
1357,Melbourne,Carlton North
1358,Melbourne,Princes Hill
1359,Moreland,Carlton North
1360,Moreland,Princes Hill
1361,Yarra,Carlton North
1362,Yarra,Princes Hill
1363,Melbourne,Brunswick South
1364,Melbourne,Brunswick West
1365,Melbourne,Moonee Vale
1366,Melbourne,Moreland West
1367,Moonee Valley,Brunswick South
1368,Moonee Valley,Brunswick West
1369,Moonee Valley,Moonee Vale
1370,Moonee Valley,Moreland West
1371,Moreland,Brunswick South
1372,Moreland,Brunswick West
1373,Moreland,Moonee Vale
1374,Moreland,Moreland West
1375,Melbourne,Brunswick
1376,Melbourne,Brunswick Lower
1377,Melbourne,Brunswick North
1378,Moreland,Brunswick
1379,Moreland,Brunswick Lower
1380,Moreland,Brunswick North
1381,Yarra,Brunswick
1382,Yarra,Brunswick Lower
1383,Yarra,Brunswick North
1384,Melbourne,Fitzroy
1385,Yarra,Fitzroy
1386,Melbourne,Collingwood
1387,Melbourne,Collingwood North
1388,Yarra,Collingwood
1389,Yarra,Collingwood North
1390,Melbourne,Chapel Street North
1391,Melbourne,South Yarra
1392,Port Phillip,Chapel Street North
1393,Port Phillip,South Yarra
1394,Stonnington,Chapel Street North
1395,Stonnington,South Yarra
1396,Yarra,Chapel Street North
1397,Yarra,South Yarra
1398,Melbourne,Prahran
1399,Melbourne,Prahran East
1400,Melbourne,Windsor
1401,Port Phillip,Prahran
1402,Port Phillip,Prahran East
1403,Port Phillip,Windsor
1404,Stonnington,Prahran
1405,Stonnington,Prahran East
1406,Stonnington,Windsor
1407,Melbourne,South Melbourne
1408,Port Phillip,South Melbourne
1409,Melbourne,Albert Park
1410,Melbourne,Middle Park
1411,Port Phillip,Albert Park
1412,Port Phillip,Middle Park
1413,Melton,Brookfield
1414,Melton,Exford
1415,Melton,Eynesbury
1416,Melton,Melton South
1417,Moorabool,Brookfield
1418,Moorabool,Exford
1419,Moorabool,Eynesbury
1420,Moorabool,Melton South
1421,Wyndham,Brookfield
1422,Wyndham,Exford
1423,Wyndham,Eynesbury
1424,Wyndham,Melton South
1425,Monash,Chadstone
1426,Monash,Chadstone Centre
1427,Monash,Holmesglen
1428,Stonnington,Chadstone
1429,Stonnington,Chadstone Centre
1430,Stonnington,Holmesglen
1431,Monash,Mount Waverley
1432,Monash,Pinewood
1433,Monash,Syndal
1434,Whitehorse,Mount Waverley
1435,Whitehorse,Pinewood
1436,Whitehorse,Syndal
1437,Monash,Burwood East
1438,Monash,Burwood Heights
1439,Whitehorse,Burwood East
1440,Whitehorse,Burwood Heights
1441,Monash,Monash University
1442,Moonee Valley,Essendon North
1443,Moonee Valley,Strathmore
1444,Moonee Valley,Strathmore Heights
1445,Moreland,Essendon North
1446,Moreland,Strathmore
1447,Moreland,Strathmore Heights
1448,Moonee Valley,Pascoe Vale
1449,Moonee Valley,Pascoe Vale South
1450,Moreland,Pascoe Vale
1451,Moreland,Pascoe Vale South
1452,Mornington Peninsula,Tyabb
1453,Mornington Peninsula,Hastings
1454,Mornington Peninsula,Tuerong
1455,Mornington Peninsula,Merricks
1456,Mornington Peninsula,Point Leo
1457,Mornington Peninsula,Shoreham
1458,Mornington Peninsula,Bittern
1459,Mornington Peninsula,Crib Point
1460,Mornington Peninsula,Balnarring
1461,Mornington Peninsula,Balnarring Beach
1462,Mornington Peninsula,Merricks Beach
1463,Mornington Peninsula,Merricks North
1464,Mornington Peninsula,Somers
1465,Mornington Peninsula,Main Ridge
1466,Mornington Peninsula,Flinders
1467,Mornington Peninsula,Mornington
1468,Mornington Peninsula,Moorooduc
1469,Mornington Peninsula,Mount Martha
1470,Mornington Peninsula,Arthurs Seat
1471,Mornington Peninsula,Dromana
1472,Mornington Peninsula,Safety Beach
1473,Mornington Peninsula,Red Hill
1474,Mornington Peninsula,Red Hill South
1475,Mornington Peninsula,Mccrae
1476,Mornington Peninsula,Boneo
1477,Mornington Peninsula,Cape Schanck
1478,Mornington Peninsula,Fingal
1479,Mornington Peninsula,Rosebud
1480,Mornington Peninsula,Rosebud Plaza
1481,Mornington Peninsula,Rye
1482,Mornington Peninsula,St Andrews Beach
1483,Mornington Peninsula,Tootgarook
1484,Mornington Peninsula,Blairgowrie
1485,Mornington Peninsula,Sorrento
1486,Mornington Peninsula,Portsea
1487,Murrindindi,Arthurs Creek
1488,Murrindindi,Cottles Bridge
1489,Murrindindi,Hurstbridge
1490,Murrindindi,Nutfield
1491,Murrindindi,Strathewen
1492,Nillumbik,Arthurs Creek
1493,Nillumbik,Cottles Bridge
1494,Nillumbik,Hurstbridge
1495,Nillumbik,Nutfield
1496,Nillumbik,Strathewen
1497,Whittlesea,Arthurs Creek
1498,Whittlesea,Cottles Bridge
1499,Whittlesea,Hurstbridge
1500,Whittlesea,Nutfield
1501,Whittlesea,Strathewen
1502,Nillumbik,Mill Park
1503,Whittlesea,Mill Park
1504,Nillumbik,Plenty
1505,Whittlesea,Plenty
1506,Nillumbik,Yarrambat
1507,Whittlesea,Yarrambat
1508,Nillumbik,Wattle Glen
1509,Nillumbik,Morang South
1510,Nillumbik,South Morang
1511,Whittlesea,Morang South
1512,Whittlesea,South Morang
1513,Nillumbik,Doreen
1514,Nillumbik,Mernda
1515,Whittlesea,Doreen
1516,Whittlesea,Mernda
1517,Nillumbik,Yan Yean
1518,Whittlesea,Yan Yean
1519,Nillumbik,Panton Hill
1520,Nillumbik,Smiths Gully
1521,Nillumbik,Coldstream
1522,Nillumbik,Gruyere
1523,Nillumbik,Yering
1524,Yarra Ranges,Coldstream
1525,Yarra Ranges,Gruyere
1526,Yarra Ranges,Yering
1527,Port Phillip,St Kilda
1528,Port Phillip,St Kilda West
1529,Stonnington,St Kilda
1530,Stonnington,St Kilda West
1531,Whitehorse,Box Hill
1532,Whitehorse,Box Hill Central
1533,Whitehorse,Box Hill South
1534,Whitehorse,Houston
1535,Whitehorse,Wattle Park
1536,Whittlesea,Epping
1537,Yarra Ranges,Lilydale
1538,Yarra Ranges,Montrose
1539,Yarra Ranges,Kalorama
1540,Yarra Ranges,Mount Dandenong
1541,Yarra Ranges,Sherbrooke
1542,Yarra Ranges,The Patch
1543,Yarra Ranges,Monbulk
1544,Yarra Ranges,Silvan
1545,Yarra Ranges,Mount Evelyn
1546,Boroondara,Deepdene
1547,Nillumbik,Bend of Islands
1548,Banyule,St Helena
1549,Casey,Botanic Ridge
1550,Moonee Valley,Essendon Fields
1551,Brimbank,Sunshine
1552,Wyndham,Williams Landing
1553,Wyndham,Manor Lakes
1554,Bayside,Hampton
1555,Mornington Peninsula,McCrae
1556,Mornington Peninsula,Capel Sound
